[{"model": "admin.logentry", "pk": 1, "fields": {"action_time": "2023-01-20T17:38:39.562Z", "user": 1, "content_type": 7, "object_id": "1", "object_repr": "Programming", "action_flag": 1, "change_message": "[{\"added\": {}}]"}}, {"model": "admin.logentry", "pk": 2, "fields": {"action_time": "2023-01-20T17:38:47.819Z", "user": 1, "content_type": 7, "object_id": "2", "object_repr": "Science", "action_flag": 1, "change_message": "[{\"added\": {}}]"}}, {"model": "admin.logentry", "pk": 3, "fields": {"action_time": "2023-01-20T17:38:54.135Z", "user": 1, "content_type": 7, "object_id": "3", "object_repr": "Mathematics", "action_flag": 1, "change_message": "[{\"added\": {}}]"}}, {"model": "admin.logentry", "pk": 4, "fields": {"action_time": "2023-01-20T17:39:05.616Z", "user": 1, "content_type": 8, "object_id": "1", "object_repr": "Python", "action_flag": 1, "change_message": "[{\"added\": {}}]"}}, {"model": "admin.logentry", "pk": 5, "fields": {"action_time": "2023-01-20T17:39:14.069Z", "user": 1, "content_type": 8, "object_id": "2", "object_repr": "C++", "action_flag": 1, "change_message": "[{\"added\": {}}]"}}, {"model": "admin.logentry", "pk": 6, "fields": {"action_time": "2023-01-20T17:39:22.465Z", "user": 1, "content_type": 8, "object_id": "3", "object_repr": "Javascript", "action_flag": 1, "change_message": "[{\"added\": {}}]"}}, {"model": "admin.logentry", "pk": 7, "fields": {"action_time": "2023-01-20T17:39:29.801Z", "user": 1, "content_type": 8, "object_id": "4", "object_repr": "Data Structures and Algorithms", "action_flag": 1, "change_message": "[{\"added\": {}}]"}}, {"model": "admin.logentry", "pk": 8, "fields": {"action_time": "2023-01-20T17:39:38.355Z", "user": 1, "content_type": 8, "object_id": "5", "object_repr": "Physics", "action_flag": 1, "change_message": "[{\"added\": {}}]"}}, {"model": "admin.logentry", "pk": 9, "fields": {"action_time": "2023-01-20T17:39:49.941Z", "user": 1, "content_type": 8, "object_id": "6", "object_repr": "Chemistry", "action_flag": 1, "change_message": "[{\"added\": {}}]"}}, {"model": "admin.logentry", "pk": 10, "fields": {"action_time": "2023-01-20T17:40:22.030Z", "user": 1, "content_type": 8, "object_id": "7", "object_repr": "Biology", "action_flag": 1, "change_message": "[{\"added\": {}}]"}}, {"model": "admin.logentry", "pk": 11, "fields": {"action_time": "2023-01-20T17:40:29.041Z", "user": 1, "content_type": 8, "object_id": "8", "object_repr": "Set Theory", "action_flag": 1, "change_message": "[{\"added\": {}}]"}}, {"model": "admin.logentry", "pk": 12, "fields": {"action_time": "2023-01-20T17:40:38.484Z", "user": 1, "content_type": 8, "object_id": "9", "object_repr": "Calculus", "action_flag": 1, "change_message": "[{\"added\": {}}]"}}, {"model": "admin.logentry", "pk": 13, "fields": {"action_time": "2023-02-03T14:31:42.707Z", "user": 1, "content_type": 9, "object_id": "84", "object_repr": "2/3", "action_flag": 3, "change_message": ""}}, {"model": "admin.logentry", "pk": 14, "fields": {"action_time": "2023-02-03T14:31:43.653Z", "user": 1, "content_type": 9, "object_id": "83", "object_repr": "0/0", "action_flag": 3, "change_message": ""}}, {"model": "admin.logentry", "pk": 15, "fields": {"action_time": "2023-02-03T14:31:44.261Z", "user": 1, "content_type": 9, "object_id": "82", "object_repr": "0/0", "action_flag": 3, "change_message": ""}}, {"model": "admin.logentry", "pk": 16, "fields": {"action_time": "2023-02-03T14:31:44.806Z", "user": 1, "content_type": 9, "object_id": "81", "object_repr": "0/0", "action_flag": 3, "change_message": ""}}, {"model": "admin.logentry", "pk": 17, "fields": {"action_time": "2023-02-03T14:31:45.155Z", "user": 1, "content_type": 9, "object_id": "80", "object_repr": "0/0", "action_flag": 3, "change_message": ""}}, {"model": "admin.logentry", "pk": 18, "fields": {"action_time": "2023-02-03T14:31:45.692Z", "user": 1, "content_type": 9, "object_id": "79", "object_repr": "0/0", "action_flag": 3, "change_message": ""}}, {"model": "admin.logentry", "pk": 19, "fields": {"action_time": "2023-02-03T14:31:47.031Z", "user": 1, "content_type": 9, "object_id": "78", "object_repr": "0/0", "action_flag": 3, "change_message": ""}}, {"model": "admin.logentry", "pk": 20, "fields": {"action_time": "2023-02-03T14:31:47.796Z", "user": 1, "content_type": 9, "object_id": "77", "object_repr": "0/0", "action_flag": 3, "change_message": ""}}, {"model": "admin.logentry", "pk": 21, "fields": {"action_time": "2023-02-03T14:31:48.339Z", "user": 1, "content_type": 9, "object_id": "76", "object_repr": "0/0", "action_flag": 3, "change_message": ""}}, {"model": "admin.logentry", "pk": 22, "fields": {"action_time": "2023-02-03T14:31:48.500Z", "user": 1, "content_type": 9, "object_id": "75", "object_repr": "0/0", "action_flag": 3, "change_message": ""}}, {"model": "admin.logentry", "pk": 23, "fields": {"action_time": "2023-02-03T14:31:48.692Z", "user": 1, "content_type": 9, "object_id": "74", "object_repr": "0/0", "action_flag": 3, "change_message": ""}}, {"model": "admin.logentry", "pk": 24, "fields": {"action_time": "2023-02-03T14:31:50.522Z", "user": 1, "content_type": 9, "object_id": "73", "object_repr": "0/0", "action_flag": 3, "change_message": ""}}, {"model": "admin.logentry", "pk": 25, "fields": {"action_time": "2023-02-03T14:31:51.060Z", "user": 1, "content_type": 9, "object_id": "72", "object_repr": "0/0", "action_flag": 3, "change_message": ""}}, {"model": "admin.logentry", "pk": 26, "fields": {"action_time": "2023-02-03T14:31:51.946Z", "user": 1, "content_type": 9, "object_id": "71", "object_repr": "0/0", "action_flag": 3, "change_message": ""}}, {"model": "admin.logentry", "pk": 27, "fields": {"action_time": "2023-02-03T14:31:52.895Z", "user": 1, "content_type": 9, "object_id": "70", "object_repr": "0/0", "action_flag": 3, "change_message": ""}}, {"model": "admin.logentry", "pk": 28, "fields": {"action_time": "2023-02-03T14:31:53.694Z", "user": 1, "content_type": 9, "object_id": "69", "object_repr": "0/0", "action_flag": 3, "change_message": ""}}, {"model": "admin.logentry", "pk": 29, "fields": {"action_time": "2023-02-03T14:31:54.294Z", "user": 1, "content_type": 9, "object_id": "68", "object_repr": "0/0", "action_flag": 3, "change_message": ""}}, {"model": "admin.logentry", "pk": 30, "fields": {"action_time": "2023-02-03T14:31:54.907Z", "user": 1, "content_type": 9, "object_id": "67", "object_repr": "0/0", "action_flag": 3, "change_message": ""}}, {"model": "admin.logentry", "pk": 31, "fields": {"action_time": "2023-02-03T14:31:55.690Z", "user": 1, "content_type": 9, "object_id": "66", "object_repr": "0/0", "action_flag": 3, "change_message": ""}}, {"model": "admin.logentry", "pk": 32, "fields": {"action_time": "2023-02-03T14:31:56.167Z", "user": 1, "content_type": 9, "object_id": "65", "object_repr": "0/0", "action_flag": 3, "change_message": ""}}, {"model": "admin.logentry", "pk": 33, "fields": {"action_time": "2023-02-03T14:31:56.642Z", "user": 1, "content_type": 9, "object_id": "64", "object_repr": "0/0", "action_flag": 3, "change_message": ""}}, {"model": "admin.logentry", "pk": 34, "fields": {"action_time": "2023-02-03T14:31:57.145Z", "user": 1, "content_type": 9, "object_id": "63", "object_repr": "0/0", "action_flag": 3, "change_message": ""}}, {"model": "admin.logentry", "pk": 35, "fields": {"action_time": "2023-02-03T14:31:57.500Z", "user": 1, "content_type": 9, "object_id": "62", "object_repr": "0/0", "action_flag": 3, "change_message": ""}}, {"model": "admin.logentry", "pk": 36, "fields": {"action_time": "2023-02-03T14:31:57.892Z", "user": 1, "content_type": 9, "object_id": "61", "object_repr": "0/0", "action_flag": 3, "change_message": ""}}, {"model": "admin.logentry", "pk": 37, "fields": {"action_time": "2023-02-03T14:31:58.347Z", "user": 1, "content_type": 9, "object_id": "60", "object_repr": "0/0", "action_flag": 3, "change_message": ""}}, {"model": "admin.logentry", "pk": 38, "fields": {"action_time": "2023-02-03T14:31:58.753Z", "user": 1, "content_type": 9, "object_id": "59", "object_repr": "0/0", "action_flag": 3, "change_message": ""}}, {"model": "admin.logentry", "pk": 39, "fields": {"action_time": "2023-02-03T14:31:59.077Z", "user": 1, "content_type": 9, "object_id": "58", "object_repr": "0/0", "action_flag": 3, "change_message": ""}}, {"model": "admin.logentry", "pk": 40, "fields": {"action_time": "2023-02-03T14:31:59.395Z", "user": 1, "content_type": 9, "object_id": "57", "object_repr": "0/0", "action_flag": 3, "change_message": ""}}, {"model": "admin.logentry", "pk": 41, "fields": {"action_time": "2023-02-03T14:32:00.114Z", "user": 1, "content_type": 9, "object_id": "56", "object_repr": "0/0", "action_flag": 3, "change_message": ""}}, {"model": "admin.logentry", "pk": 42, "fields": {"action_time": "2023-02-03T14:32:00.676Z", "user": 1, "content_type": 9, "object_id": "55", "object_repr": "0/0", "action_flag": 3, "change_message": ""}}, {"model": "admin.logentry", "pk": 43, "fields": {"action_time": "2023-02-03T14:32:01.045Z", "user": 1, "content_type": 9, "object_id": "54", "object_repr": "0/0", "action_flag": 3, "change_message": ""}}, {"model": "admin.logentry", "pk": 44, "fields": {"action_time": "2023-02-03T14:32:01.380Z", "user": 1, "content_type": 9, "object_id": "53", "object_repr": "0/0", "action_flag": 3, "change_message": ""}}, {"model": "admin.logentry", "pk": 45, "fields": {"action_time": "2023-02-03T14:32:01.789Z", "user": 1, "content_type": 9, "object_id": "52", "object_repr": "0/0", "action_flag": 3, "change_message": ""}}, {"model": "admin.logentry", "pk": 46, "fields": {"action_time": "2023-02-03T14:32:02.303Z", "user": 1, "content_type": 9, "object_id": "51", "object_repr": "0/0", "action_flag": 3, "change_message": ""}}, {"model": "admin.logentry", "pk": 47, "fields": {"action_time": "2023-02-03T14:32:03.104Z", "user": 1, "content_type": 9, "object_id": "50", "object_repr": "0/0", "action_flag": 3, "change_message": ""}}, {"model": "admin.logentry", "pk": 48, "fields": {"action_time": "2023-02-03T14:32:03.748Z", "user": 1, "content_type": 9, "object_id": "49", "object_repr": "0/0", "action_flag": 3, "change_message": ""}}, {"model": "admin.logentry", "pk": 49, "fields": {"action_time": "2023-02-03T14:32:04.418Z", "user": 1, "content_type": 9, "object_id": "48", "object_repr": "0/0", "action_flag": 3, "change_message": ""}}, {"model": "admin.logentry", "pk": 50, "fields": {"action_time": "2023-02-03T14:32:04.858Z", "user": 1, "content_type": 9, "object_id": "47", "object_repr": "0/0", "action_flag": 3, "change_message": ""}}, {"model": "admin.logentry", "pk": 51, "fields": {"action_time": "2023-02-03T14:32:05.205Z", "user": 1, "content_type": 9, "object_id": "46", "object_repr": "0/0", "action_flag": 3, "change_message": ""}}, {"model": "admin.logentry", "pk": 52, "fields": {"action_time": "2023-02-03T14:32:05.991Z", "user": 1, "content_type": 9, "object_id": "45", "object_repr": "0/0", "action_flag": 3, "change_message": ""}}, {"model": "admin.logentry", "pk": 53, "fields": {"action_time": "2023-02-03T14:32:07.034Z", "user": 1, "content_type": 9, "object_id": "44", "object_repr": "0/0", "action_flag": 3, "change_message": ""}}, {"model": "admin.logentry", "pk": 54, "fields": {"action_time": "2023-02-03T14:32:07.395Z", "user": 1, "content_type": 9, "object_id": "43", "object_repr": "0/0", "action_flag": 3, "change_message": ""}}, {"model": "admin.logentry", "pk": 55, "fields": {"action_time": "2023-02-03T14:32:07.791Z", "user": 1, "content_type": 9, "object_id": "42", "object_repr": "0/0", "action_flag": 3, "change_message": ""}}, {"model": "admin.logentry", "pk": 56, "fields": {"action_time": "2023-02-03T14:32:08.278Z", "user": 1, "content_type": 9, "object_id": "41", "object_repr": "0/0", "action_flag": 3, "change_message": ""}}, {"model": "admin.logentry", "pk": 57, "fields": {"action_time": "2023-02-03T14:32:08.779Z", "user": 1, "content_type": 9, "object_id": "40", "object_repr": "0/0", "action_flag": 3, "change_message": ""}}, {"model": "admin.logentry", "pk": 58, "fields": {"action_time": "2023-02-03T14:32:09.270Z", "user": 1, "content_type": 9, "object_id": "39", "object_repr": "0/0", "action_flag": 3, "change_message": ""}}, {"model": "admin.logentry", "pk": 59, "fields": {"action_time": "2023-02-03T14:32:09.739Z", "user": 1, "content_type": 9, "object_id": "38", "object_repr": "0/0", "action_flag": 3, "change_message": ""}}, {"model": "admin.logentry", "pk": 60, "fields": {"action_time": "2023-02-03T14:32:10.613Z", "user": 1, "content_type": 9, "object_id": "37", "object_repr": "0/0", "action_flag": 3, "change_message": ""}}, {"model": "admin.logentry", "pk": 61, "fields": {"action_time": "2023-02-03T14:32:11.118Z", "user": 1, "content_type": 9, "object_id": "36", "object_repr": "0/0", "action_flag": 3, "change_message": ""}}, {"model": "admin.logentry", "pk": 62, "fields": {"action_time": "2023-02-03T14:32:11.491Z", "user": 1, "content_type": 9, "object_id": "35", "object_repr": "0/0", "action_flag": 3, "change_message": ""}}, {"model": "admin.logentry", "pk": 63, "fields": {"action_time": "2023-02-03T14:32:11.954Z", "user": 1, "content_type": 9, "object_id": "34", "object_repr": "0/0", "action_flag": 3, "change_message": ""}}, {"model": "admin.logentry", "pk": 64, "fields": {"action_time": "2023-02-03T14:32:13.055Z", "user": 1, "content_type": 9, "object_id": "33", "object_repr": "0/0", "action_flag": 3, "change_message": ""}}, {"model": "admin.logentry", "pk": 65, "fields": {"action_time": "2023-02-03T14:32:13.830Z", "user": 1, "content_type": 9, "object_id": "32", "object_repr": "0/0", "action_flag": 3, "change_message": ""}}, {"model": "admin.logentry", "pk": 66, "fields": {"action_time": "2023-02-03T14:32:24.723Z", "user": 1, "content_type": 9, "object_id": "31", "object_repr": "0/0", "action_flag": 3, "change_message": ""}}, {"model": "admin.logentry", "pk": 67, "fields": {"action_time": "2023-02-03T14:32:24.936Z", "user": 1, "content_type": 9, "object_id": "30", "object_repr": "0/0", "action_flag": 3, "change_message": ""}}, {"model": "admin.logentry", "pk": 68, "fields": {"action_time": "2023-02-03T14:32:25.117Z", "user": 1, "content_type": 9, "object_id": "29", "object_repr": "0/0", "action_flag": 3, "change_message": ""}}, {"model": "admin.logentry", "pk": 69, "fields": {"action_time": "2023-02-03T14:32:25.269Z", "user": 1, "content_type": 9, "object_id": "28", "object_repr": "0/0", "action_flag": 3, "change_message": ""}}, {"model": "admin.logentry", "pk": 70, "fields": {"action_time": "2023-02-03T14:32:25.455Z", "user": 1, "content_type": 9, "object_id": "27", "object_repr": "0/0", "action_flag": 3, "change_message": ""}}, {"model": "admin.logentry", "pk": 71, "fields": {"action_time": "2023-02-03T14:32:25.642Z", "user": 1, "content_type": 9, "object_id": "26", "object_repr": "0/0", "action_flag": 3, "change_message": ""}}, {"model": "admin.logentry", "pk": 72, "fields": {"action_time": "2023-02-03T14:32:25.879Z", "user": 1, "content_type": 9, "object_id": "25", "object_repr": "0/0", "action_flag": 3, "change_message": ""}}, {"model": "admin.logentry", "pk": 73, "fields": {"action_time": "2023-02-03T14:32:26.470Z", "user": 1, "content_type": 9, "object_id": "24", "object_repr": "0/0", "action_flag": 3, "change_message": ""}}, {"model": "admin.logentry", "pk": 74, "fields": {"action_time": "2023-02-03T14:32:27.109Z", "user": 1, "content_type": 9, "object_id": "23", "object_repr": "0/0", "action_flag": 3, "change_message": ""}}, {"model": "admin.logentry", "pk": 75, "fields": {"action_time": "2023-02-03T14:32:27.294Z", "user": 1, "content_type": 9, "object_id": "22", "object_repr": "0/0", "action_flag": 3, "change_message": ""}}, {"model": "admin.logentry", "pk": 76, "fields": {"action_time": "2023-02-03T14:32:27.618Z", "user": 1, "content_type": 9, "object_id": "21", "object_repr": "0/0", "action_flag": 3, "change_message": ""}}, {"model": "admin.logentry", "pk": 77, "fields": {"action_time": "2023-02-03T14:32:27.765Z", "user": 1, "content_type": 9, "object_id": "20", "object_repr": "0/0", "action_flag": 3, "change_message": ""}}, {"model": "admin.logentry", "pk": 78, "fields": {"action_time": "2023-02-03T14:32:28.153Z", "user": 1, "content_type": 9, "object_id": "19", "object_repr": "0/0", "action_flag": 3, "change_message": ""}}, {"model": "admin.logentry", "pk": 79, "fields": {"action_time": "2023-02-03T14:32:28.459Z", "user": 1, "content_type": 9, "object_id": "18", "object_repr": "0/0", "action_flag": 3, "change_message": ""}}, {"model": "admin.logentry", "pk": 80, "fields": {"action_time": "2023-02-03T14:32:28.655Z", "user": 1, "content_type": 9, "object_id": "17", "object_repr": "0/0", "action_flag": 3, "change_message": ""}}, {"model": "admin.logentry", "pk": 81, "fields": {"action_time": "2023-02-03T14:32:29.251Z", "user": 1, "content_type": 9, "object_id": "16", "object_repr": "0/0", "action_flag": 3, "change_message": ""}}, {"model": "admin.logentry", "pk": 82, "fields": {"action_time": "2023-02-03T14:32:29.475Z", "user": 1, "content_type": 9, "object_id": "15", "object_repr": "0/0", "action_flag": 3, "change_message": ""}}, {"model": "admin.logentry", "pk": 83, "fields": {"action_time": "2023-02-03T14:32:29.655Z", "user": 1, "content_type": 9, "object_id": "14", "object_repr": "0/0", "action_flag": 3, "change_message": ""}}, {"model": "admin.logentry", "pk": 84, "fields": {"action_time": "2023-02-03T14:32:29.968Z", "user": 1, "content_type": 9, "object_id": "13", "object_repr": "0/0", "action_flag": 3, "change_message": ""}}, {"model": "admin.logentry", "pk": 85, "fields": {"action_time": "2023-02-03T14:32:30.612Z", "user": 1, "content_type": 9, "object_id": "12", "object_repr": "0/0", "action_flag": 3, "change_message": ""}}, {"model": "admin.logentry", "pk": 86, "fields": {"action_time": "2023-02-03T14:32:30.844Z", "user": 1, "content_type": 9, "object_id": "11", "object_repr": "0/0", "action_flag": 3, "change_message": ""}}, {"model": "admin.logentry", "pk": 87, "fields": {"action_time": "2023-02-03T14:32:31.071Z", "user": 1, "content_type": 9, "object_id": "10", "object_repr": "0/0", "action_flag": 3, "change_message": ""}}, {"model": "admin.logentry", "pk": 88, "fields": {"action_time": "2023-02-03T14:32:31.551Z", "user": 1, "content_type": 9, "object_id": "9", "object_repr": "0/0", "action_flag": 3, "change_message": ""}}, {"model": "admin.logentry", "pk": 89, "fields": {"action_time": "2023-02-03T14:32:32.206Z", "user": 1, "content_type": 9, "object_id": "8", "object_repr": "0/0", "action_flag": 3, "change_message": ""}}, {"model": "admin.logentry", "pk": 90, "fields": {"action_time": "2023-02-03T14:32:32.561Z", "user": 1, "content_type": 9, "object_id": "7", "object_repr": "0/0", "action_flag": 3, "change_message": ""}}, {"model": "admin.logentry", "pk": 91, "fields": {"action_time": "2023-02-03T14:32:32.754Z", "user": 1, "content_type": 9, "object_id": "6", "object_repr": "0/0", "action_flag": 3, "change_message": ""}}, {"model": "admin.logentry", "pk": 92, "fields": {"action_time": "2023-02-03T14:32:33.336Z", "user": 1, "content_type": 9, "object_id": "5", "object_repr": "0/0", "action_flag": 3, "change_message": ""}}, {"model": "admin.logentry", "pk": 93, "fields": {"action_time": "2023-02-03T14:32:33.571Z", "user": 1, "content_type": 9, "object_id": "4", "object_repr": "0/0", "action_flag": 3, "change_message": ""}}, {"model": "admin.logentry", "pk": 94, "fields": {"action_time": "2023-02-03T14:32:33.757Z", "user": 1, "content_type": 9, "object_id": "3", "object_repr": "0/0", "action_flag": 3, "change_message": ""}}, {"model": "admin.logentry", "pk": 95, "fields": {"action_time": "2023-02-04T08:15:53.447Z", "user": 1, "content_type": 9, "object_id": "98", "object_repr": "15/15", "action_flag": 3, "change_message": ""}}, {"model": "admin.logentry", "pk": 96, "fields": {"action_time": "2023-02-04T08:15:53.549Z", "user": 1, "content_type": 9, "object_id": "97", "object_repr": "3/3", "action_flag": 3, "change_message": ""}}, {"model": "admin.logentry", "pk": 97, "fields": {"action_time": "2023-02-04T08:15:53.669Z", "user": 1, "content_type": 9, "object_id": "96", "object_repr": "13/15", "action_flag": 3, "change_message": ""}}, {"model": "admin.logentry", "pk": 98, "fields": {"action_time": "2023-02-04T08:15:53.756Z", "user": 1, "content_type": 9, "object_id": "95", "object_repr": "2/3", "action_flag": 3, "change_message": ""}}, {"model": "admin.logentry", "pk": 99, "fields": {"action_time": "2023-02-04T08:15:53.848Z", "user": 1, "content_type": 9, "object_id": "94", "object_repr": "1/1", "action_flag": 3, "change_message": ""}}, {"model": "admin.logentry", "pk": 100, "fields": {"action_time": "2023-02-04T08:15:53.971Z", "user": 1, "content_type": 9, "object_id": "93", "object_repr": "2/3", "action_flag": 3, "change_message": ""}}, {"model": "admin.logentry", "pk": 101, "fields": {"action_time": "2023-02-04T08:15:54.057Z", "user": 1, "content_type": 9, "object_id": "92", "object_repr": "2/3", "action_flag": 3, "change_message": ""}}, {"model": "admin.logentry", "pk": 102, "fields": {"action_time": "2023-02-04T08:15:54.158Z", "user": 1, "content_type": 9, "object_id": "91", "object_repr": "2/3", "action_flag": 3, "change_message": ""}}, {"model": "admin.logentry", "pk": 103, "fields": {"action_time": "2023-02-04T08:15:54.266Z", "user": 1, "content_type": 9, "object_id": "90", "object_repr": "3/3", "action_flag": 3, "change_message": ""}}, {"model": "admin.logentry", "pk": 104, "fields": {"action_time": "2023-02-04T08:15:54.365Z", "user": 1, "content_type": 9, "object_id": "89", "object_repr": "3/3", "action_flag": 3, "change_message": ""}}, {"model": "admin.logentry", "pk": 105, "fields": {"action_time": "2023-02-04T08:15:54.457Z", "user": 1, "content_type": 9, "object_id": "88", "object_repr": "2/3", "action_flag": 3, "change_message": ""}}, {"model": "admin.logentry", "pk": 106, "fields": {"action_time": "2023-02-04T08:15:54.602Z", "user": 1, "content_type": 9, "object_id": "87", "object_repr": "1/3", "action_flag": 3, "change_message": ""}}, {"model": "admin.logentry", "pk": 107, "fields": {"action_time": "2023-02-04T08:15:54.739Z", "user": 1, "content_type": 9, "object_id": "86", "object_repr": "3/3", "action_flag": 3, "change_message": ""}}, {"model": "admin.logentry", "pk": 108, "fields": {"action_time": "2023-02-04T08:15:54.859Z", "user": 1, "content_type": 9, "object_id": "85", "object_repr": "1/3", "action_flag": 3, "change_message": ""}}, {"model": "admin.logentry", "pk": 109, "fields": {"action_time": "2023-02-04T19:55:18.796Z", "user": 1, "content_type": 10, "object_id": "20", "object_repr": "A and B are subsets of a universal set having 12 elements. If A has 7 elements, B has 9 elements and A∩B has 9 elements , then what is the number of elements in A∪B ?", "action_flag": 1, "change_message": "[{\"added\": {}}]"}}, {"model": "admin.logentry", "pk": 110, "fields": {"action_time": "2023-02-04T19:56:30.471Z", "user": 1, "content_type": 10, "object_id": "21", "object_repr": "If A = {1, 2, 3, 4}, then the number of non-empty subsets of A is", "action_flag": 1, "change_message": "[{\"added\": {}}]"}}, {"model": "admin.logentry", "pk": 111, "fields": {"action_time": "2023-02-04T19:57:39.089Z", "user": 1, "content_type": 10, "object_id": "22", "object_repr": "Of the members of three athletic teams in a school, 21 are in the cricket team, 26 are in the hockey team and 29 are in the football team. Among them, 14 play hockey and cricket, 15 play hockey and fo", "action_flag": 1, "change_message": "[{\"added\": {}}]"}}, {"model": "admin.logentry", "pk": 112, "fields": {"action_time": "2023-02-04T19:59:31.807Z", "user": 1, "content_type": 10, "object_id": "23", "object_repr": "If a set A has 3 elements and B has 6 elements, then the minimum number of elements in A∪B is", "action_flag": 1, "change_message": "[{\"added\": {}}]"}}, {"model": "admin.logentry", "pk": 113, "fields": {"action_time": "2023-02-04T20:00:47.743Z", "user": 1, "content_type": 10, "object_id": "24", "object_repr": "If (1, 3), (2, 5) and (3, 3) are three elements of A x B and the total number of elements in A x B is 6, then the remaining elements of A x B are", "action_flag": 1, "change_message": "[{\"added\": {}}]"}}, {"model": "admin.logentry", "pk": 114, "fields": {"action_time": "2023-02-04T20:01:38.523Z", "user": 1, "content_type": 10, "object_id": "25", "object_repr": "A class has 175 students. The following data shows the number of students obtaining one or more subjects. Mathematics 100; Physics 70; Chemistry 40; Mathematics and Physics 30; Mathematics and Chemist", "action_flag": 1, "change_message": "[{\"added\": {}}]"}}, {"model": "admin.logentry", "pk": 115, "fields": {"action_time": "2023-02-04T20:02:37.586Z", "user": 1, "content_type": 10, "object_id": "26", "object_repr": "The number of proper subsets of the set {1, 2, 3} is", "action_flag": 1, "change_message": "[{\"added\": {}}]"}}, {"model": "admin.logentry", "pk": 116, "fields": {"action_time": "2023-02-04T20:03:28.568Z", "user": 1, "content_type": 10, "object_id": "27", "object_repr": "In a town of 10000 families it was found that 40% of families buy newspaper A, 20% buy newspaper B and 10% of families buy newspaper C, 5% of families buy A and B, 3% buy B and C and 4% buy A and C. I", "action_flag": 1, "change_message": "[{\"added\": {}}]"}}, {"model": "admin.logentry", "pk": 117, "fields": {"action_time": "2023-02-04T20:04:42.294Z", "user": 1, "content_type": 10, "object_id": "28", "object_repr": "In a city 20 percent of the population travels by car, 50 percent travels by bus and 10 percent travels by both car and bus. Then persons travelling by car or bus is", "action_flag": 1, "change_message": "[{\"added\": {}}]"}}, {"model": "admin.logentry", "pk": 118, "fields": {"action_time": "2023-02-04T20:05:18.411Z", "user": 1, "content_type": 10, "object_id": "29", "object_repr": "Let S = {0, 1, 5, 4, 7}. Then the total number of subsets of S is", "action_flag": 1, "change_message": "[{\"added\": {}}]"}}, {"model": "admin.logentry", "pk": 119, "fields": {"action_time": "2023-02-04T20:06:03.478Z", "user": 1, "content_type": 10, "object_id": "30", "object_repr": "20 teachers of a school either teach mathematics or physics. 12 of them teach mathematics while 4 teach both the subjects. Then the number of teachers teaching physics only is", "action_flag": 1, "change_message": "[{\"added\": {}}]"}}, {"model": "admin.logentry", "pk": 120, "fields": {"action_time": "2023-02-04T20:06:48.834Z", "user": 1, "content_type": 10, "object_id": "31", "object_repr": "If n(A) = 4, n(B) = 3, n(A x B x C) = 24, then n(C) =", "action_flag": 1, "change_message": "[{\"added\": {}}]"}}, {"model": "admin.logentry", "pk": 121, "fields": {"action_time": "2023-02-04T20:07:38.249Z", "user": 1, "content_type": 10, "object_id": "32", "object_repr": "In a class of 30 pupils, 12 take needle work, 16 take physics and 18 take history. If all the 30 students take at least one subject and no one takes all three, then the number of pupils taking 2 subje", "action_flag": 1, "change_message": "[{\"added\": {}}]"}}, {"model": "admin.logentry", "pk": 122, "fields": {"action_time": "2023-02-04T20:13:56.505Z", "user": 1, "content_type": 10, "object_id": "33", "object_repr": "If x > 0, then which one is correct?", "action_flag": 1, "change_message": "[{\"added\": {}}]"}}, {"model": "admin.logentry", "pk": 123, "fields": {"action_time": "2023-02-04T20:16:12.271Z", "user": 1, "content_type": 10, "object_id": "34", "object_repr": "If x > 0, then which one of the following is correct?", "action_flag": 1, "change_message": "[{\"added\": {}}]"}}, {"model": "admin.logentry", "pk": 124, "fields": {"action_time": "2023-02-04T20:16:30.845Z", "user": 1, "content_type": 10, "object_id": "34", "object_repr": "If x > 0, then which one of the following is correct?", "action_flag": 3, "change_message": ""}}, {"model": "admin.logentry", "pk": 125, "fields": {"action_time": "2023-02-04T20:18:07.016Z", "user": 1, "content_type": 10, "object_id": "35", "object_repr": "What will be the range of the function f(x) = 2x^3 – 9x^2 – 24x + 5 which increases with x?", "action_flag": 1, "change_message": "[{\"added\": {}}]"}}, {"model": "admin.logentry", "pk": 126, "fields": {"action_time": "2023-02-04T20:19:28.592Z", "user": 1, "content_type": 10, "object_id": "36", "object_repr": "What will be the range of the function f(x) = 2x^3 – 9x^2 – 24x + 5 which decreases with x?", "action_flag": 1, "change_message": "[{\"added\": {}}]"}}, {"model": "admin.logentry", "pk": 127, "fields": {"action_time": "2023-02-04T20:20:54.698Z", "user": 1, "content_type": 10, "object_id": "37", "object_repr": "What will be nature of the f(x) = 10 – 9x + 6x^2 – x^3 for x < 1?", "action_flag": 1, "change_message": "[{\"added\": {}}]"}}, {"model": "admin.logentry", "pk": 128, "fields": {"action_time": "2023-02-04T20:22:29.535Z", "user": 1, "content_type": 10, "object_id": "38", "object_repr": "What will be the nature of the equation (sinθ)/θ for 0 < θ < π/2 if θ increases continuously?", "action_flag": 1, "change_message": "[{\"added\": {}}]"}}, {"model": "admin.logentry", "pk": 129, "fields": {"action_time": "2023-02-04T20:23:33.615Z", "user": 1, "content_type": 10, "object_id": "39", "object_repr": "If y = 3x((x + a)/(x + b)) + 5 where, a and b are constants and a > b, be the total cost for x unit of output of a commodity. What will be the nature of marginal cost as the output increases continuou", "action_flag": 1, "change_message": "[{\"added\": {}}]"}}, {"model": "admin.logentry", "pk": 130, "fields": {"action_time": "2023-02-06T17:43:31.508Z", "user": 1, "content_type": 10, "object_id": "40", "object_repr": "The theory of relativity is presented by which scientist", "action_flag": 1, "change_message": "[{\"added\": {}}]"}}, {"model": "admin.logentry", "pk": 131, "fields": {"action_time": "2023-02-06T17:45:08.037Z", "user": 1, "content_type": 10, "object_id": "41", "object_repr": "When the temperature difference between liquid and its surroundings is doubled, the rate of loss of heat will -", "action_flag": 1, "change_message": "[{\"added\": {}}]"}}, {"model": "admin.logentry", "pk": 132, "fields": {"action_time": "2023-02-06T17:46:41.413Z", "user": 1, "content_type": 10, "object_id": "42", "object_repr": "The weight of a body at the centre of earth is -", "action_flag": 1, "change_message": "[{\"added\": {}}]"}}, {"model": "admin.logentry", "pk": 133, "fields": {"action_time": "2023-02-06T17:48:29.928Z", "user": 1, "content_type": 10, "object_id": "43", "object_repr": "The distance covered by an object depends upon -", "action_flag": 1, "change_message": "[{\"added\": {}}]"}}, {"model": "admin.logentry", "pk": 134, "fields": {"action_time": "2023-02-06T17:48:43.786Z", "user": 1, "content_type": 10, "object_id": "42", "object_repr": "The weight of a body at the centre of earth is -", "action_flag": 2, "change_message": "[]"}}, {"model": "admin.logentry", "pk": 135, "fields": {"action_time": "2023-02-06T17:50:06.117Z", "user": 1, "content_type": 10, "object_id": "44", "object_repr": "Food is cooked in a pressure cooker quickly because -", "action_flag": 1, "change_message": "[{\"added\": {}}]"}}, {"model": "admin.logentry", "pk": 136, "fields": {"action_time": "2023-02-06T17:51:08.919Z", "user": 1, "content_type": 10, "object_id": "45", "object_repr": "A transformer is used to -", "action_flag": 1, "change_message": "[{\"added\": {}}]"}}, {"model": "admin.logentry", "pk": 137, "fields": {"action_time": "2023-02-06T17:52:27.875Z", "user": 1, "content_type": 10, "object_id": "46", "object_repr": "Convex lenses are used for the correction of -", "action_flag": 1, "change_message": "[{\"added\": {}}]"}}, {"model": "admin.logentry", "pk": 138, "fields": {"action_time": "2023-02-06T17:53:29.909Z", "user": 1, "content_type": 10, "object_id": "47", "object_repr": "When the velocity of a body is doubled -", "action_flag": 1, "change_message": "[{\"added\": {}}]"}}, {"model": "admin.logentry", "pk": 139, "fields": {"action_time": "2023-02-06T17:56:50.963Z", "user": 1, "content_type": 10, "object_id": "48", "object_repr": "Adding Cl2 to benzene in the presence of AlCl3 is an example of -", "action_flag": 1, "change_message": "[{\"added\": {}}]"}}, {"model": "admin.logentry", "pk": 140, "fields": {"action_time": "2023-02-06T17:58:23.278Z", "user": 1, "content_type": 10, "object_id": "49", "object_repr": "Copper substances when exposed to air gain a green coating due to the formation of -", "action_flag": 1, "change_message": "[{\"added\": {}}]"}}, {"model": "admin.logentry", "pk": 141, "fields": {"action_time": "2023-02-06T17:59:21.016Z", "user": 1, "content_type": 10, "object_id": "50", "object_repr": "The chemical name of Gammaxane is -", "action_flag": 1, "change_message": "[{\"added\": {}}]"}}, {"model": "admin.logentry", "pk": 142, "fields": {"action_time": "2023-02-06T18:00:22.534Z", "user": 1, "content_type": 10, "object_id": "51", "object_repr": "The chemical name of quick lime is -", "action_flag": 1, "change_message": "[{\"added\": {}}]"}}, {"model": "admin.logentry", "pk": 143, "fields": {"action_time": "2023-02-06T18:01:23.193Z", "user": 1, "content_type": 10, "object_id": "52", "object_repr": "The antacid marketed as milk of magnesia has as the main ingredient -", "action_flag": 1, "change_message": "[{\"added\": {}}]"}}, {"model": "admin.logentry", "pk": 144, "fields": {"action_time": "2023-02-06T18:02:32.650Z", "user": 1, "content_type": 10, "object_id": "53", "object_repr": "Which one of the following is the main reason for acid rain?", "action_flag": 1, "change_message": "[{\"added\": {}}]"}}, {"model": "admin.logentry", "pk": 145, "fields": {"action_time": "2023-02-06T18:03:35.604Z", "user": 1, "content_type": 10, "object_id": "54", "object_repr": "Which one of the following statements about biogas is not correct?", "action_flag": 1, "change_message": "[{\"added\": {}}]"}}, {"model": "admin.logentry", "pk": 146, "fields": {"action_time": "2023-02-06T18:04:39.995Z", "user": 1, "content_type": 10, "object_id": "55", "object_repr": "Which one of the following statements is true when non-metals are dissolved in water?", "action_flag": 1, "change_message": "[{\"added\": {}}]"}}, {"model": "admin.logentry", "pk": 147, "fields": {"action_time": "2023-02-06T18:08:01.556Z", "user": 1, "content_type": 10, "object_id": "56", "object_repr": "Which of the following human genetic disorders is sex-linked -", "action_flag": 1, "change_message": "[{\"added\": {}}]"}}, {"model": "admin.logentry", "pk": 148, "fields": {"action_time": "2023-02-06T18:09:20.455Z", "user": 1, "content_type": 10, "object_id": "57", "object_repr": "The 'stretch of a ligament' is called -", "action_flag": 1, "change_message": "[{\"added\": {}}]"}}, {"model": "admin.logentry", "pk": 149, "fields": {"action_time": "2023-02-06T18:10:25.040Z", "user": 1, "content_type": 10, "object_id": "58", "object_repr": "'Peristalsis' occurs in -", "action_flag": 1, "change_message": "[{\"added\": {}}]"}}, {"model": "admin.logentry", "pk": 150, "fields": {"action_time": "2023-02-06T18:11:46.035Z", "user": 1, "content_type": 10, "object_id": "59", "object_repr": "Bones in Human Body are classified on the basis of -", "action_flag": 1, "change_message": "[{\"added\": {}}]"}}, {"model": "admin.logentry", "pk": 151, "fields": {"action_time": "2023-02-06T18:13:32.045Z", "user": 1, "content_type": 10, "object_id": "60", "object_repr": "Anabolic steroids affect directly on -", "action_flag": 1, "change_message": "[{\"added\": {}}]"}}, {"model": "admin.logentry", "pk": 152, "fields": {"action_time": "2023-02-06T18:14:51.603Z", "user": 1, "content_type": 10, "object_id": "61", "object_repr": "The covering of the Lungs is called -", "action_flag": 1, "change_message": "[{\"added\": {}}]"}}, {"model": "admin.logentry", "pk": 153, "fields": {"action_time": "2023-02-06T18:17:08.962Z", "user": 1, "content_type": 10, "object_id": "62", "object_repr": "The 'Dendrites' are part of -", "action_flag": 1, "change_message": "[{\"added\": {}}]"}}, {"model": "admin.logentry", "pk": 154, "fields": {"action_time": "2023-02-06T18:20:20.756Z", "user": 1, "content_type": 10, "object_id": "63", "object_repr": "The largest gland in the body is -", "action_flag": 1, "change_message": "[{\"added\": {}}]"}}, {"model": "admin.logentry", "pk": 155, "fields": {"action_time": "2023-02-06T18:23:57.592Z", "user": 1, "content_type": 10, "object_id": "64", "object_repr": "Who invented C++?", "action_flag": 1, "change_message": "[{\"added\": {}}]"}}, {"model": "admin.logentry", "pk": 156, "fields": {"action_time": "2023-02-06T18:25:45.259Z", "user": 1, "content_type": 10, "object_id": "65", "object_repr": "Which of the following is the correct syntax of including a user defined header files in C++?", "action_flag": 1, "change_message": "[{\"added\": {}}]"}}, {"model": "admin.logentry", "pk": 157, "fields": {"action_time": "2023-02-06T18:26:42.564Z", "user": 1, "content_type": 10, "object_id": "66", "object_repr": "Which of the following is used for comments in C++?", "action_flag": 1, "change_message": "[{\"added\": {}}]"}}, {"model": "admin.logentry", "pk": 158, "fields": {"action_time": "2023-02-06T18:28:06.098Z", "user": 1, "content_type": 10, "object_id": "67", "object_repr": "Which of the following is a correct identifier in C++?", "action_flag": 1, "change_message": "[{\"added\": {}}]"}}, {"model": "admin.logentry", "pk": 159, "fields": {"action_time": "2023-02-06T18:29:15.640Z", "user": 1, "content_type": 10, "object_id": "68", "object_repr": "Which of the following is not a type of Constructor in C++?", "action_flag": 1, "change_message": "[{\"added\": {}}]"}}, {"model": "admin.logentry", "pk": 160, "fields": {"action_time": "2023-02-06T18:29:30.802Z", "user": 1, "content_type": 10, "object_id": "68", "object_repr": "Which of the following is not a type of Constructor in C++?", "action_flag": 2, "change_message": "[{\"changed\": {\"fields\": [\"Topic name\"]}}]"}}, {"model": "admin.logentry", "pk": 161, "fields": {"action_time": "2023-02-06T18:31:11.949Z", "user": 1, "content_type": 10, "object_id": "69", "object_repr": "Which of the following approach is used by C++?", "action_flag": 1, "change_message": "[{\"added\": {}}]"}}, {"model": "admin.logentry", "pk": 162, "fields": {"action_time": "2023-02-06T18:32:19.764Z", "user": 1, "content_type": 10, "object_id": "70", "object_repr": "What is virtual inheritance in C++?", "action_flag": 1, "change_message": "[{\"added\": {}}]"}}, {"model": "admin.logentry", "pk": 163, "fields": {"action_time": "2023-02-06T18:39:44.994Z", "user": 1, "content_type": 10, "object_id": "73", "object_repr": "Javascript is an _______ language?", "action_flag": 1, "change_message": "[{\"added\": {}}]"}}, {"model": "admin.logentry", "pk": 164, "fields": {"action_time": "2023-02-06T18:41:21.211Z", "user": 1, "content_type": 10, "object_id": "74", "object_repr": "Which of the following keywords is used to define a variable in Javascript?", "action_flag": 1, "change_message": "[{\"added\": {}}]"}}, {"model": "admin.logentry", "pk": 165, "fields": {"action_time": "2023-02-06T18:42:21.342Z", "user": 1, "content_type": 10, "object_id": "75", "object_repr": "Which of the following methods is used to access HTML elements using Javascript?", "action_flag": 1, "change_message": "[{\"added\": {}}]"}}, {"model": "admin.logentry", "pk": 166, "fields": {"action_time": "2023-02-06T18:43:39.592Z", "user": 1, "content_type": 10, "object_id": "76", "object_repr": "Upon encountering empty statements, what does the Javascript Interpreter do?", "action_flag": 1, "change_message": "[{\"added\": {}}]"}}, {"model": "admin.logentry", "pk": 167, "fields": {"action_time": "2023-02-06T18:44:49.482Z", "user": 1, "content_type": 10, "object_id": "77", "object_repr": "Which of the following methods can be used to display data in some form using Javascript?", "action_flag": 1, "change_message": "[{\"added\": {}}]"}}, {"model": "admin.logentry", "pk": 168, "fields": {"action_time": "2023-02-06T18:46:34.307Z", "user": 1, "content_type": 10, "object_id": "78", "object_repr": "How can a datatype be declared to be a constant type?", "action_flag": 1, "change_message": "[{\"added\": {}}]"}}, {"model": "admin.logentry", "pk": 169, "fields": {"action_time": "2023-02-06T19:07:48.152Z", "user": 1, "content_type": 10, "object_id": "87", "object_repr": "In order traversal of binary search tree will produce −", "action_flag": 1, "change_message": "[{\"added\": {}}]"}}, {"model": "admin.logentry", "pk": 170, "fields": {"action_time": "2023-02-06T19:09:29.657Z", "user": 1, "content_type": 10, "object_id": "88", "object_repr": "A circular linked list can be used for", "action_flag": 1, "change_message": "[{\"added\": {}}]"}}, {"model": "admin.logentry", "pk": 171, "fields": {"action_time": "2023-02-06T19:11:52.191Z", "user": 1, "content_type": 10, "object_id": "89", "object_repr": "Find the odd out", "action_flag": 1, "change_message": "[{\"added\": {}}]"}}, {"model": "admin.logentry", "pk": 172, "fields": {"action_time": "2023-02-06T19:14:13.769Z", "user": 1, "content_type": 10, "object_id": "90", "object_repr": "What is not true about insertion sort?", "action_flag": 1, "change_message": "[{\"added\": {}}]"}}, {"model": "admin.logentry", "pk": 173, "fields": {"action_time": "2023-02-06T19:15:41.946Z", "user": 1, "content_type": 10, "object_id": "91", "object_repr": "Heap is an example of", "action_flag": 1, "change_message": "[{\"added\": {}}]"}}, {"model": "admin.logentry", "pk": 174, "fields": {"action_time": "2023-02-06T19:17:05.293Z", "user": 1, "content_type": 10, "object_id": "92", "object_repr": "Project scheduling is an example of", "action_flag": 1, "change_message": "[{\"added\": {}}]"}}, {"model": "admin.logentry", "pk": 175, "fields": {"action_time": "2023-02-06T19:42:43.069Z", "user": 1, "content_type": 10, "object_id": "84", "object_repr": "What will be the output for the following code snippet?\r\n\r\n<p id=\"example\"></p>  \r\n<script>  \r\nfunction Func()  \r\n{  \r\ndocument.getElementById(\"example\").innerHTML=Math.sqrt(81);  \r\n}  \r\n</script>", "action_flag": 3, "change_message": ""}}, {"model": "auth.permission", "pk": 1, "fields": {"name": "Can add log entry", "content_type": 1, "codename": "add_logentry"}}, {"model": "auth.permission", "pk": 2, "fields": {"name": "Can change log entry", "content_type": 1, "codename": "change_logentry"}}, {"model": "auth.permission", "pk": 3, "fields": {"name": "Can delete log entry", "content_type": 1, "codename": "delete_logentry"}}, {"model": "auth.permission", "pk": 4, "fields": {"name": "Can view log entry", "content_type": 1, "codename": "view_logentry"}}, {"model": "auth.permission", "pk": 5, "fields": {"name": "Can add permission", "content_type": 2, "codename": "add_permission"}}, {"model": "auth.permission", "pk": 6, "fields": {"name": "Can change permission", "content_type": 2, "codename": "change_permission"}}, {"model": "auth.permission", "pk": 7, "fields": {"name": "Can delete permission", "content_type": 2, "codename": "delete_permission"}}, {"model": "auth.permission", "pk": 8, "fields": {"name": "Can view permission", "content_type": 2, "codename": "view_permission"}}, {"model": "auth.permission", "pk": 9, "fields": {"name": "Can add group", "content_type": 3, "codename": "add_group"}}, {"model": "auth.permission", "pk": 10, "fields": {"name": "Can change group", "content_type": 3, "codename": "change_group"}}, {"model": "auth.permission", "pk": 11, "fields": {"name": "Can delete group", "content_type": 3, "codename": "delete_group"}}, {"model": "auth.permission", "pk": 12, "fields": {"name": "Can view group", "content_type": 3, "codename": "view_group"}}, {"model": "auth.permission", "pk": 13, "fields": {"name": "Can add content type", "content_type": 4, "codename": "add_contenttype"}}, {"model": "auth.permission", "pk": 14, "fields": {"name": "Can change content type", "content_type": 4, "codename": "change_contenttype"}}, {"model": "auth.permission", "pk": 15, "fields": {"name": "Can delete content type", "content_type": 4, "codename": "delete_contenttype"}}, {"model": "auth.permission", "pk": 16, "fields": {"name": "Can view content type", "content_type": 4, "codename": "view_contenttype"}}, {"model": "auth.permission", "pk": 17, "fields": {"name": "Can add session", "content_type": 5, "codename": "add_session"}}, {"model": "auth.permission", "pk": 18, "fields": {"name": "Can change session", "content_type": 5, "codename": "change_session"}}, {"model": "auth.permission", "pk": 19, "fields": {"name": "Can delete session", "content_type": 5, "codename": "delete_session"}}, {"model": "auth.permission", "pk": 20, "fields": {"name": "Can view session", "content_type": 5, "codename": "view_session"}}, {"model": "auth.permission", "pk": 21, "fields": {"name": "Can add user", "content_type": 6, "codename": "add_myuser"}}, {"model": "auth.permission", "pk": 22, "fields": {"name": "Can change user", "content_type": 6, "codename": "change_myuser"}}, {"model": "auth.permission", "pk": 23, "fields": {"name": "Can delete user", "content_type": 6, "codename": "delete_myuser"}}, {"model": "auth.permission", "pk": 24, "fields": {"name": "Can view user", "content_type": 6, "codename": "view_myuser"}}, {"model": "auth.permission", "pk": 25, "fields": {"name": "Can add quiztopic", "content_type": 7, "codename": "add_quiztopic"}}, {"model": "auth.permission", "pk": 26, "fields": {"name": "Can change quiztopic", "content_type": 7, "codename": "change_quiztopic"}}, {"model": "auth.permission", "pk": 27, "fields": {"name": "Can delete quiztopic", "content_type": 7, "codename": "delete_quiztopic"}}, {"model": "auth.permission", "pk": 28, "fields": {"name": "Can view quiztopic", "content_type": 7, "codename": "view_quiztopic"}}, {"model": "auth.permission", "pk": 29, "fields": {"name": "Can add subtopic", "content_type": 8, "codename": "add_subtopic"}}, {"model": "auth.permission", "pk": 30, "fields": {"name": "Can change subtopic", "content_type": 8, "codename": "change_subtopic"}}, {"model": "auth.permission", "pk": 31, "fields": {"name": "Can delete subtopic", "content_type": 8, "codename": "delete_subtopic"}}, {"model": "auth.permission", "pk": 32, "fields": {"name": "Can view subtopic", "content_type": 8, "codename": "view_subtopic"}}, {"model": "auth.permission", "pk": 33, "fields": {"name": "Can add score", "content_type": 9, "codename": "add_score"}}, {"model": "auth.permission", "pk": 34, "fields": {"name": "Can change score", "content_type": 9, "codename": "change_score"}}, {"model": "auth.permission", "pk": 35, "fields": {"name": "Can delete score", "content_type": 9, "codename": "delete_score"}}, {"model": "auth.permission", "pk": 36, "fields": {"name": "Can view score", "content_type": 9, "codename": "view_score"}}, {"model": "auth.permission", "pk": 37, "fields": {"name": "Can add quizquestion", "content_type": 10, "codename": "add_quizquestion"}}, {"model": "auth.permission", "pk": 38, "fields": {"name": "Can change quizquestion", "content_type": 10, "codename": "change_quizquestion"}}, {"model": "auth.permission", "pk": 39, "fields": {"name": "Can delete quizquestion", "content_type": 10, "codename": "delete_quizquestion"}}, {"model": "auth.permission", "pk": 40, "fields": {"name": "Can view quizquestion", "content_type": 10, "codename": "view_quizquestion"}}, {"model": "contenttypes.contenttype", "pk": 1, "fields": {"app_label": "admin", "model": "logentry"}}, {"model": "contenttypes.contenttype", "pk": 2, "fields": {"app_label": "auth", "model": "permission"}}, {"model": "contenttypes.contenttype", "pk": 3, "fields": {"app_label": "auth", "model": "group"}}, {"model": "contenttypes.contenttype", "pk": 4, "fields": {"app_label": "contenttypes", "model": "contenttype"}}, {"model": "contenttypes.contenttype", "pk": 5, "fields": {"app_label": "sessions", "model": "session"}}, {"model": "contenttypes.contenttype", "pk": 6, "fields": {"app_label": "quizapp", "model": "myuser"}}, {"model": "contenttypes.contenttype", "pk": 7, "fields": {"app_label": "quizapp", "model": "quiztopic"}}, {"model": "contenttypes.contenttype", "pk": 8, "fields": {"app_label": "quizapp", "model": "subtopic"}}, {"model": "contenttypes.contenttype", "pk": 9, "fields": {"app_label": "quizapp", "model": "score"}}, {"model": "contenttypes.contenttype", "pk": 10, "fields": {"app_label": "quizapp", "model": "quizquestion"}}, {"model": "sessions.session", "pk": "0bpr9y8u61h93vcbzn7id5fnp4wc26cw", "fields": {"session_data": ".eJxVjMsOwiAQRf-FtSGAPF267zeQGQakaiAp7cr479qkC93ec859sQjbWuM28hJnYhem2Ol3Q0iP3HZAd2i3zlNv6zIj3xV-0MGnTvl5Pdy_gwqjfmtDOReSQnmPyiYXnJNBCSmMN0USFlsMZJCIQicCpRGD0NaXkMpZJ8feH-gbODI:1pP4tj:U2UZxjNVNvn85kRgZ-ksgWtry66kjirZ8e5ZvVwI3ho", "expire_date": "2023-02-20T17:03:19.664Z"}}, {"model": "sessions.session", "pk": "0x14d385wn2715f4zkfrv1dajs5c9x0a", "fields": {"session_data": ".eJxVjEEOgjAQRe_StWnoDIWpS_ecgcy0o6CmTSisjHdXEha6_e-9_zIjb-s0blWXcU7mbJw5_W7C8aF5B-nO-VZsLHldZrG7Yg9a7VCSPi-H-3cwcZ2-NbGPjABRlBoAVEeKPftGOvD-2kArwbFQr04DqnSELQaHwClwasm8P9UwN2Q:1pIxIA:A-Qck1GjXg1DlFIECqH8JO3t8-TVF4nya8CRnFsrPS8", "expire_date": "2023-02-03T19:43:14.250Z"}}, {"model": "sessions.session", "pk": "147iy52rbwnb8rxuty6zwxs6ncjqhnf9", "fields": {"session_data": ".eJxVjEEOgjAQRe_StWnoDIWpS_ecgcy0o6CmTSisjHdXEha6_e-9_zIjb-s0blWXcU7mbJw5_W7C8aF5B-nO-VZsLHldZrG7Yg9a7VCSPi-H-3cwcZ2-NbGPjABRlBoAVEeKPftGOvD-2kArwbFQr04DqnSELQaHwClwasm8P9UwN2Q:1pPMq3:XvTTwt6g7KlCTRhlbERfyVsj3Ng-ervFRToaUsgRw_0", "expire_date": "2023-02-21T12:12:43.293Z"}}, {"model": "sessions.session", "pk": "1eew7ebya4kbiuvmak6uyfak8upcfulg", "fields": {"session_data": ".eJxVjEEOgjAQRe_StWnoDIWpS_ecgcy0o6CmTSisjHdXEha6_e-9_zIjb-s0blWXcU7mbJw5_W7C8aF5B-nO-VZsLHldZrG7Yg9a7VCSPi-H-3cwcZ2-NbGPjABRlBoAVEeKPftGOvD-2kArwbFQr04DqnSELQaHwClwasm8P9UwN2Q:1pL860:t8LH4U0Dkzlao-PRKts5z2Hixs_rppHeq7dHTWNxiUQ", "expire_date": "2023-02-09T19:39:40.228Z"}}, {"model": "sessions.session", "pk": "20yxvk7tbz8bh29x1zc6hva66z6nm50y", "fields": {"session_data": ".eJxVjMsOwiAQRf-FtSGAPF267zeQGQakaiAp7cr479qkC93ec859sQjbWuM28hJnYhem2Ol3Q0iP3HZAd2i3zlNv6zIj3xV-0MGnTvl5Pdy_gwqjfmtDOReSQnmPyiYXnJNBCSmMN0USFlsMZJCIQicCpRGD0NaXkMpZJ8feH-gbODI:1pP4tr:p1hINfSXFdydaAzd_yveMIlVDxM9m5AFVHh1DpFq_GQ", "expire_date": "2023-02-20T17:03:27.241Z"}}, {"model": "sessions.session", "pk": "2fj96qd7sfgwmbau8tq9e8kk7v3qvblq", "fields": {"session_data": ".eJxVjEEOgjAQRe_StWnoDIWpS_ecgcy0o6CmTSisjHdXEha6_e-9_zIjb-s0blWXcU7mbJw5_W7C8aF5B-nO-VZsLHldZrG7Yg9a7VCSPi-H-3cwcZ2-NbGPjABRlBoAVEeKPftGOvD-2kArwbFQr04DqnSELQaHwClwasm8P9UwN2Q:1pMpwF:E8bIhrUo_CsgEwAOHI0LXm9GFkPPrB6PF2XE9ytuPbw", "expire_date": "2023-02-14T12:40:39.602Z"}}, {"model": "sessions.session", "pk": "2wtcxw0s1vbvv9zlm0zyfobwtzceqwux", "fields": {"session_data": ".eJxVjEEOgjAQRe_StWnoDIWpS_ecgcy0o6CmTSisjHdXEha6_e-9_zIjb-s0blWXcU7mbJw5_W7C8aF5B-nO-VZsLHldZrG7Yg9a7VCSPi-H-3cwcZ2-NbGPjABRlBoAVEeKPftGOvD-2kArwbFQr04DqnSELQaHwClwasm8P9UwN2Q:1pP2cY:7RY8z4V9dqD7U49XpapBYvK1g18kv84hjADJ5ciCLfM", "expire_date": "2023-02-20T14:37:26.040Z"}}, {"model": "sessions.session", "pk": "3tk5pkql1tf7wgyem164mv6tdizlhsft", "fields": {"session_data": ".eJxVjMsOwiAQRf-FtSGAPF267zeQGQakaiAp7cr479qkC93ec859sQjbWuM28hJnYhem2Ol3Q0iP3HZAd2i3zlNv6zIj3xV-0MGnTvl5Pdy_gwqjfmtDOReSQnmPyiYXnJNBCSmMN0USFlsMZJCIQicCpRGD0NaXkMpZJ8feH-gbODI:1pP4zX:du-whDRH5dGTtZNhcE22ywRdmHrkPibkx6GAbGG5-Fw", "expire_date": "2023-02-20T17:09:19.863Z"}}, {"model": "sessions.session", "pk": "4xj3omclclv20u9yber6v8h7t4bzbf65", "fields": {"session_data": ".eJxVjMsOwiAQRf-FtSGAPF267zeQGQakaiAp7cr479qkC93ec859sQjbWuM28hJnYhem2Ol3Q0iP3HZAd2i3zlNv6zIj3xV-0MGnTvl5Pdy_gwqjfmtDOReSQnmPyiYXnJNBCSmMN0USFlsMZJCIQicCpRGD0NaXkMpZJ8feH-gbODI:1pP4t4:1Pnd4Q5-CwCIhtyEcqRo-ZvClhVYPw4f4dbEulF8nqo", "expire_date": "2023-02-20T17:02:38.710Z"}}, {"model": "sessions.session", "pk": "50ajfw6sscinbequr2yjef1ecsj89j57", "fields": {"session_data": ".eJxVjEEOgjAQRe_StWnoDIWpS_ecgcy0o6CmTSisjHdXEha6_e-9_zIjb-s0blWXcU7mbJw5_W7C8aF5B-nO-VZsLHldZrG7Yg9a7VCSPi-H-3cwcZ2-NbGPjABRlBoAVEeKPftGOvD-2kArwbFQr04DqnSELQaHwClwasm8P9UwN2Q:1pOD5N:ycQUrJnjzDJ2zNfpjvtEvNiUk78ddPkDAtCr7r_yQlM", "expire_date": "2023-02-18T07:35:45.581Z"}}, {"model": "sessions.session", "pk": "5mjys11zmypbvxj0qnmadun5170agm0v", "fields": {"session_data": ".eJxVjEEOgjAQRe_StWnoDIWpS_ecgcy0o6CmTSisjHdXEha6_e-9_zIjb-s0blWXcU7mbJw5_W7C8aF5B-nO-VZsLHldZrG7Yg9a7VCSPi-H-3cwcZ2-NbGPjABRlBoAVEeKPftGOvD-2kArwbFQr04DqnSELQaHwClwasm8P9UwN2Q:1pN5Pz:EVQFMVa5eN_uIQ7fy8KYOZWDmEYERkQAUl6fEnVpIFs", "expire_date": "2023-02-15T05:12:23.226Z"}}, {"model": "sessions.session", "pk": "63eq22thpjopgoibg1u20coiszugxdi2", "fields": {"session_data": ".eJxVjEEOgjAQRe_StWnoDIWpS_ecgcy0o6CmTSisjHdXEha6_e-9_zIjb-s0blWXcU7mbJw5_W7C8aF5B-nO-VZsLHldZrG7Yg9a7VCSPi-H-3cwcZ2-NbGPjABRlBoAVEeKPftGOvD-2kArwbFQr04DqnSELQaHwClwasm8P9UwN2Q:1pMnL2:jXZXk-uAZQE3zs30ksrunaZpDuh3ST4VvmIKuL33x6Q", "expire_date": "2023-02-14T09:54:04.244Z"}}, {"model": "sessions.session", "pk": "c4z8bwh4f1nv47do5jkndawdq1ruxrul", "fields": {"session_data": ".eJxVjEEOgjAQRe_StWnoDIWpS_ecgcy0o6CmTSisjHdXEha6_e-9_zIjb-s0blWXcU7mbJw5_W7C8aF5B-nO-VZsLHldZrG7Yg9a7VCSPi-H-3cwcZ2-NbGPjABRlBoAVEeKPftGOvD-2kArwbFQr04DqnSELQaHwClwasm8P9UwN2Q:1pODNS:QI4f0bEke3LjoTEhWdONNQtbGk2S027nD7SXKazhrLo", "expire_date": "2023-02-18T07:54:26.597Z"}}, {"model": "sessions.session", "pk": "ctp6j6wyeuoylpfz6eob6alzd9lvclrc", "fields": {"session_data": ".eJxVjMsOwiAQRf-FtSGAPF267zeQGQakaiAp7cr479qkC93ec859sQjbWuM28hJnYhem2Ol3Q0iP3HZAd2i3zlNv6zIj3xV-0MGnTvl5Pdy_gwqjfmtDOReSQnmPyiYXnJNBCSmMN0USFlsMZJCIQicCpRGD0NaXkMpZJ8feH-gbODI:1pP4zd:HZBxhtNFYkGkmVhIx4fzoVguPxV_4z3a7I9vC2sgzCA", "expire_date": "2023-02-20T17:09:25.193Z"}}, {"model": "sessions.session", "pk": "e1rnguozpdjs207p4f35goerbtn02mvb", "fields": {"session_data": ".eJxVjEEOgjAQRe_StWnoDIWpS_ecgcy0o6CmTSisjHdXEha6_e-9_zIjb-s0blWXcU7mbJw5_W7C8aF5B-nO-VZsLHldZrG7Yg9a7VCSPi-H-3cwcZ2-NbGPjABRlBoAVEeKPftGOvD-2kArwbFQr04DqnSELQaHwClwasm8P9UwN2Q:1pMmv9:vTP95yKy6MObA6JW0Ti-GD9SZ4Bi85ZngrNYrwxezfw", "expire_date": "2023-02-14T09:27:19.452Z"}}, {"model": "sessions.session", "pk": "e9bkyjwh2o07wpious4ff5bp4rqayvxc", "fields": {"session_data": ".eJxVjEEOgjAQRe_StWnoDIWpS_ecgcy0o6CmTSisjHdXEha6_e-9_zIjb-s0blWXcU7mbJw5_W7C8aF5B-nO-VZsLHldZrG7Yg9a7VCSPi-H-3cwcZ2-NbGPjABRlBoAVEeKPftGOvD-2kArwbFQr04DqnSELQaHwClwasm8P9UwN2Q:1pN5eL:lqZ5ohLXrcHayfwg3mQMPm3RXRP9vT7KwH7gtd5B3wk", "expire_date": "2023-02-15T05:27:13.281Z"}}, {"model": "sessions.session", "pk": "ekde0d0mw62yp9gbzns52whhijvm7o4n", "fields": {"session_data": ".eJxVjEEOgjAQRe_StWnoDIWpS_ecgcy0o6CmTSisjHdXEha6_e-9_zIjb-s0blWXcU7mbJw5_W7C8aF5B-nO-VZsLHldZrG7Yg9a7VCSPi-H-3cwcZ2-NbGPjABRlBoAVEeKPftGOvD-2kArwbFQr04DqnSELQaHwClwasm8P9UwN2Q:1pIvLK:Upgf0AA12LpmfSVF0Cxp8UxTM5JK2YjXpphXBzztVWY", "expire_date": "2023-02-03T17:38:22.864Z"}}, {"model": "sessions.session", "pk": "ekjnf6q1ifufpzce2ml3cz6h8uj9y1vs", "fields": {"session_data": ".eJxVjMsOwiAQRf-FtSGAPF267zeQGQakaiAp7cr479qkC93ec859sQjbWuM28hJnYhem2Ol3Q0iP3HZAd2i3zlNv6zIj3xV-0MGnTvl5Pdy_gwqjfmtDOReSQnmPyiYXnJNBCSmMN0USFlsMZJCIQicCpRGD0NaXkMpZJ8feH-gbODI:1pP4tD:eLYflOKe1qTnj76tZVzNuZUyAUJpJM-PvqE5Yum25DQ", "expire_date": "2023-02-20T17:02:47.388Z"}}, {"model": "sessions.session", "pk": "eq8depkw5zfawr27mbld4jdc8xyo9dda", "fields": {"session_data": ".eJxVjEEOgjAQRe_StWnoDIWpS_ecgcy0o6CmTSisjHdXEha6_e-9_zIjb-s0blWXcU7mbJw5_W7C8aF5B-nO-VZsLHldZrG7Yg9a7VCSPi-H-3cwcZ2-NbGPjABRlBoAVEeKPftGOvD-2kArwbFQr04DqnSELQaHwClwasm8P9UwN2Q:1pL7dw:IFfjXVZzfmkLont5eT1Jil_Sd69DNPQIX2a-_a2ZlD8", "expire_date": "2023-02-09T19:10:40.225Z"}}, {"model": "sessions.session", "pk": "fgl8wmjl8x9sv23eftmvqwyosqqjzkfh", "fields": {"session_data": ".eJxVjMsOwiAQRf-FtSGAPF267zeQGQakaiAp7cr479qkC93ec859sQjbWuM28hJnYhem2Ol3Q0iP3HZAd2i3zlNv6zIj3xV-0MGnTvl5Pdy_gwqjfmtDOReSQnmPyiYXnJNBCSmMN0USFlsMZJCIQicCpRGD0NaXkMpZJ8feH-gbODI:1pP4tt:yuPPEA9b8LIQwgqLmh6bSMH7ULHS0Q3mX24ZP7OKLAk", "expire_date": "2023-02-20T17:03:29.942Z"}}, {"model": "sessions.session", "pk": "fhotu3nde2ff9m5jy59fqghctvogqtr1", "fields": {"session_data": ".eJxVjEEOgjAQRe_StWnoDIWpS_ecgcy0o6CmTSisjHdXEha6_e-9_zIjb-s0blWXcU7mbJw5_W7C8aF5B-nO-VZsLHldZrG7Yg9a7VCSPi-H-3cwcZ2-NbGPjABRlBoAVEeKPftGOvD-2kArwbFQr04DqnSELQaHwClwasm8P9UwN2Q:1pMDTE:Kke-4CSvx2A3d_J24zKks5Om86aKBibaz0eof9-lphg", "expire_date": "2023-02-12T19:36:08.390Z"}}, {"model": "sessions.session", "pk": "fribf4m5e2pj68rg5nsc8x7iepousmq2", "fields": {"session_data": ".eJxVjEEOgjAQRe_StWnoDIWpS_ecgcy0o6CmTSisjHdXEha6_e-9_zIjb-s0blWXcU7mbJw5_W7C8aF5B-nO-VZsLHldZrG7Yg9a7VCSPi-H-3cwcZ2-NbGPjABRlBoAVEeKPftGOvD-2kArwbFQr04DqnSELQaHwClwasm8P9UwN2Q:1pO0xE:mlY-E0O51on8QggKKPCQPPulWxyeSW6l9fFk2Xe4gVo", "expire_date": "2023-02-17T18:38:32.505Z"}}, {"model": "sessions.session", "pk": "fvrx7653q3n3muhtr5h0d76lhbad4m60", "fields": {"session_data": ".eJxVjEEOgjAQRe_StWnoDIWpS_ecgcy0o6CmTSisjHdXEha6_e-9_zIjb-s0blWXcU7mbJw5_W7C8aF5B-nO-VZsLHldZrG7Yg9a7VCSPi-H-3cwcZ2-NbGPjABRlBoAVEeKPftGOvD-2kArwbFQr04DqnSELQaHwClwasm8P9UwN2Q:1pNy1Z:ApqTJWCTIkK8Nb0rOgzBj68xc_hfTA1JixCrLvrckUk", "expire_date": "2023-02-17T15:30:49.165Z"}}, {"model": "sessions.session", "pk": "fvym2ja0ojybm5fuxtps47sygb5u6lsd", "fields": {"session_data": ".eJxVjMsOwiAQRf-FtSGAPF267zeQGQakaiAp7cr479qkC93ec859sQjbWuM28hJnYhem2Ol3Q0iP3HZAd2i3zlNv6zIj3xV-0MGnTvl5Pdy_gwqjfmtDOReSQnmPyiYXnJNBCSmMN0USFlsMZJCIQicCpRGD0NaXkMpZJ8feH-gbODI:1pP4ze:ucKkXWNheOFOQA1q4i0Bun6y91F5QSKf0R40oXgAHpU", "expire_date": "2023-02-20T17:09:26.944Z"}}, {"model": "sessions.session", "pk": "g53zut0ifpalmm001ud3kruohq1nr6r7", "fields": {"session_data": ".eJxVjMsOwiAQRf-FtSGAPF267zeQGQakaiAp7cr479qkC93ec859sQjbWuM28hJnYhem2Ol3Q0iP3HZAd2i3zlNv6zIj3xV-0MGnTvl5Pdy_gwqjfmtDOReSQnmPyiYXnJNBCSmMN0USFlsMZJCIQicCpRGD0NaXkMpZJ8feH-gbODI:1pP4zZ:wzLCo5No2b1P-6adrpWQooxov61NRJoCHGC-6_nVsu4", "expire_date": "2023-02-20T17:09:21.380Z"}}, {"model": "sessions.session", "pk": "g9mrf2pp481pg43tnox12thw1w4ikt3v", "fields": {"session_data": ".eJxVjMsOwiAQRf-FtSGAPF267zeQGQakaiAp7cr479qkC93ec859sQjbWuM28hJnYhem2Ol3Q0iP3HZAd2i3zlNv6zIj3xV-0MGnTvl5Pdy_gwqjfmtDOReSQnmPyiYXnJNBCSmMN0USFlsMZJCIQicCpRGD0NaXkMpZJ8feH-gbODI:1pP4zd:HZBxhtNFYkGkmVhIx4fzoVguPxV_4z3a7I9vC2sgzCA", "expire_date": "2023-02-20T17:09:25.200Z"}}, {"model": "sessions.session", "pk": "gxkwa41od9au77cx0y0i7x7dw5tg6wp5", "fields": {"session_data": ".eJxVjEEOgjAQRe_StWnoDIWpS_ecgcy0o6CmTSisjHdXEha6_e-9_zIjb-s0blWXcU7mbJw5_W7C8aF5B-nO-VZsLHldZrG7Yg9a7VCSPi-H-3cwcZ2-NbGPjABRlBoAVEeKPftGOvD-2kArwbFQr04DqnSELQaHwClwasm8P9UwN2Q:1pJDkb:3N4jma8NquljdDdmjITyA2L7GzJTwprF_GSU5GMH7jw", "expire_date": "2023-02-04T13:17:41.656Z"}}, {"model": "sessions.session", "pk": "jhnalitq11tn1wdkubvxpjzxmqbse551", "fields": {"session_data": ".eJxVjMsOwiAQRf-FtSGAPF267zeQGQakaiAp7cr479qkC93ec859sQjbWuM28hJnYhem2Ol3Q0iP3HZAd2i3zlNv6zIj3xV-0MGnTvl5Pdy_gwqjfmtDOReSQnmPyiYXnJNBCSmMN0USFlsMZJCIQicCpRGD0NaXkMpZJ8feH-gbODI:1pP4tn:dzpD3lHokOeOHFQBZEGebxCAjnO23hWY6qq36q386P0", "expire_date": "2023-02-20T17:03:23.663Z"}}, {"model": "sessions.session", "pk": "k3s389tmmbdf3ihsliysg8tvdoo62l1i", "fields": {"session_data": ".eJxVjMsOwiAQRf-FtSGAPF267zeQGQakaiAp7cr479qkC93ec859sQjbWuM28hJnYhem2Ol3Q0iP3HZAd2i3zlNv6zIj3xV-0MGnTvl5Pdy_gwqjfmtDOReSQnmPyiYXnJNBCSmMN0USFlsMZJCIQicCpRGD0NaXkMpZJ8feH-gbODI:1pP4to:PC5QUPXvYcbDh1Bs_BWhfDR87fHkoeJhX2gOa3Ueqj4", "expire_date": "2023-02-20T17:03:24.266Z"}}, {"model": "sessions.session", "pk": "k47yxtiu8p7a7tr6wl926roi9kz5n9b4", "fields": {"session_data": ".eJxVjMsOwiAQRf-FtSGAPF267zeQGQakaiAp7cr479qkC93ec859sQjbWuM28hJnYhem2Ol3Q0iP3HZAd2i3zlNv6zIj3xV-0MGnTvl5Pdy_gwqjfmtDOReSQnmPyiYXnJNBCSmMN0USFlsMZJCIQicCpRGD0NaXkMpZJ8feH-gbODI:1pP4zf:kelSS54nrlDZApqDqukayXx41B0-4eQJ5Nju3eYlRKI", "expire_date": "2023-02-20T17:09:27.400Z"}}, {"model": "sessions.session", "pk": "l5yu0bsy7psy8s465f3haohwuvlckxzu", "fields": {"session_data": ".eJxVjEEOgjAQRe_StWnoDIWpS_ecgcy0o6CmTSisjHdXEha6_e-9_zIjb-s0blWXcU7mbJw5_W7C8aF5B-nO-VZsLHldZrG7Yg9a7VCSPi-H-3cwcZ2-NbGPjABRlBoAVEeKPftGOvD-2kArwbFQr04DqnSELQaHwClwasm8P9UwN2Q:1pM8eb:wpN3EkUTliZg4Bp14lNsmxF1Fqu32bbNy1OlQD02v6Q", "expire_date": "2023-02-12T14:27:33.189Z"}}, {"model": "sessions.session", "pk": "ltesp72miiv7w5c68dtm3l850iodmwvn", "fields": {"session_data": ".eJxVjMsOwiAQRf-FtSGAPF267zeQGQakaiAp7cr479qkC93ec859sQjbWuM28hJnYhem2Ol3Q0iP3HZAd2i3zlNv6zIj3xV-0MGnTvl5Pdy_gwqjfmtDOReSQnmPyiYXnJNBCSmMN0USFlsMZJCIQicCpRGD0NaXkMpZJ8feH-gbODI:1pP4t7:EpzEt3tz3eh4DpgzeeFtr33muOia3pf5E-Y5_r2h9RY", "expire_date": "2023-02-20T17:02:41.054Z"}}, {"model": "sessions.session", "pk": "n78xj9pea8vhtibon3nr2u1s4srv0zxt", "fields": {"session_data": ".eJxVjEEOgjAQRe_StWnoDIWpS_ecgcy0o6CmTSisjHdXEha6_e-9_zIjb-s0blWXcU7mbJw5_W7C8aF5B-nO-VZsLHldZrG7Yg9a7VCSPi-H-3cwcZ2-NbGPjABRlBoAVEeKPftGOvD-2kArwbFQr04DqnSELQaHwClwasm8P9UwN2Q:1pM8lL:yjlMuazoGE9Wk6-mtAvk1OEiRDq7HoZo2Js-2MHsNEM", "expire_date": "2023-02-12T14:34:31.789Z"}}, {"model": "sessions.session", "pk": "n9o5u1txf2mw9hwawk1gora9mcnc5zno", "fields": {"session_data": ".eJxVjMsOwiAQRf-FtSGAPF267zeQGQakaiAp7cr479qkC93ec859sQjbWuM28hJnYhem2Ol3Q0iP3HZAd2i3zlNv6zIj3xV-0MGnTvl5Pdy_gwqjfmtDOReSQnmPyiYXnJNBCSmMN0USFlsMZJCIQicCpRGD0NaXkMpZJ8feH-gbODI:1pP4zc:dB6nb4X15soAGAzRPpP3DvJca52-WHxxuvu5Z5UHnqs", "expire_date": "2023-02-20T17:09:24.279Z"}}, {"model": "sessions.session", "pk": "o4n7vydx16f9tnjgnpo1qs8f4srg7dov", "fields": {"session_data": ".eJxVjMsOwiAQRf-FtSGAPF267zeQGQakaiAp7cr479qkC93ec859sQjbWuM28hJnYhem2Ol3Q0iP3HZAd2i3zlNv6zIj3xV-0MGnTvl5Pdy_gwqjfmtDOReSQnmPyiYXnJNBCSmMN0USFlsMZJCIQicCpRGD0NaXkMpZJ8feH-gbODI:1pP4t2:GUbQKUA0xXW46SwFS5RQ0umct0C5GulpQLpO_n8g2vU", "expire_date": "2023-02-20T17:02:36.421Z"}}, {"model": "sessions.session", "pk": "oe3e4ojab752uapu5i6raje6aj3c7vyf", "fields": {"session_data": ".eJxVjMsOwiAQRf-FtSGAPF267zeQGQakaiAp7cr479qkC93ec859sQjbWuM28hJnYhem2Ol3Q0iP3HZAd2i3zlNv6zIj3xV-0MGnTvl5Pdy_gwqjfmtDOReSQnmPyiYXnJNBCSmMN0USFlsMZJCIQicCpRGD0NaXkMpZJ8feH-gbODI:1pP4tp:KpPzaWa3_UPBVUl58XyYOYRj6LOWME7mfTP4Y-oqlfw", "expire_date": "2023-02-20T17:03:25.438Z"}}, {"model": "sessions.session", "pk": "qv4nkgfmmbhd1rqelqc8yf3lahdhuzja", "fields": {"session_data": ".eJxVjEEOgjAQRe_StWnoDIWpS_ecgcy0o6CmTSisjHdXEha6_e-9_zIjb-s0blWXcU7mbJw5_W7C8aF5B-nO-VZsLHldZrG7Yg9a7VCSPi-H-3cwcZ2-NbGPjABRlBoAVEeKPftGOvD-2kArwbFQr04DqnSELQaHwClwasm8P9UwN2Q:1pP6nr:VZD3SU1FYmSZNEyKG_U3MMGclOokmkvbWgAww8S2Prc", "expire_date": "2023-02-20T19:05:23.530Z"}}, {"model": "sessions.session", "pk": "rhvzdym55w49j9bt5at00gqlv79lascm", "fields": {"session_data": ".eJxVjMsOwiAQRf-FtSGAPF267zeQGQakaiAp7cr479qkC93ec859sQjbWuM28hJnYhem2Ol3Q0iP3HZAd2i3zlNv6zIj3xV-0MGnTvl5Pdy_gwqjfmtDOReSQnmPyiYXnJNBCSmMN0USFlsMZJCIQicCpRGD0NaXkMpZJ8feH-gbODI:1pP4tA:DxdUEER6M-Qs8BTSU-U1lf_JZMGJoboO2sYlJmCv9Bc", "expire_date": "2023-02-20T17:02:44.640Z"}}, {"model": "sessions.session", "pk": "s7iv402im2zn0kbe8su62pnc3em11tdd", "fields": {"session_data": ".eJxVjMsOwiAQRf-FtSGAPF267zeQGQakaiAp7cr479qkC93ec859sQjbWuM28hJnYhem2Ol3Q0iP3HZAd2i3zlNv6zIj3xV-0MGnTvl5Pdy_gwqjfmtDOReSQnmPyiYXnJNBCSmMN0USFlsMZJCIQicCpRGD0NaXkMpZJ8feH-gbODI:1pP4tE:0vjtIBvbAmZQNxv46lyYi4esSyVFLK5w6_eeIJSN44A", "expire_date": "2023-02-20T17:02:48.588Z"}}, {"model": "sessions.session", "pk": "sa7mqmxq8zsh5v4eg4eecgnn34pjjtis", "fields": {"session_data": ".eJxVjEEOgjAQRe_StWnoDIWpS_ecgcy0o6CmTSisjHdXEha6_e-9_zIjb-s0blWXcU7mbJw5_W7C8aF5B-nO-VZsLHldZrG7Yg9a7VCSPi-H-3cwcZ2-NbGPjABRlBoAVEeKPftGOvD-2kArwbFQr04DqnSELQaHwClwasm8P9UwN2Q:1pOOWW:iDLw-SBjYpbmUqXaHJImPphz9z_W16PX2I0kDuTlVak", "expire_date": "2023-02-18T19:48:32.969Z"}}, {"model": "sessions.session", "pk": "t5wd0x0auscx6ntwly6d779p24q9w746", "fields": {"session_data": ".eJxVjMsOwiAQRf-FtSGAPF267zeQGQakaiAp7cr479qkC93ec859sQjbWuM28hJnYhem2Ol3Q0iP3HZAd2i3zlNv6zIj3xV-0MGnTvl5Pdy_gwqjfmtDOReSQnmPyiYXnJNBCSmMN0USFlsMZJCIQicCpRGD0NaXkMpZJ8feH-gbODI:1pP4zf:kelSS54nrlDZApqDqukayXx41B0-4eQJ5Nju3eYlRKI", "expire_date": "2023-02-20T17:09:27.544Z"}}, {"model": "sessions.session", "pk": "vnz2nei8elfyfuangjux2g0b9naibc8a", "fields": {"session_data": ".eJxVjEEOgjAQRe_StWnoDIWpS_ecgcy0o6CmTSisjHdXEha6_e-9_zIjb-s0blWXcU7mbJw5_W7C8aF5B-nO-VZsLHldZrG7Yg9a7VCSPi-H-3cwcZ2-NbGPjABRlBoAVEeKPftGOvD-2kArwbFQr04DqnSELQaHwClwasm8P9UwN2Q:1pM8Iz:HE3iWCutHgbCAwDqOtUiA2E4k4KgLO7yfQLATJ5bGus", "expire_date": "2023-02-12T14:05:13.658Z"}}, {"model": "sessions.session", "pk": "wzrmkludczutk0o6pwms6furpqcwfexo", "fields": {"session_data": ".eJxVjEEOgjAQRe_StWnoDIWpS_ecgcy0o6CmTSisjHdXEha6_e-9_zIjb-s0blWXcU7mbJw5_W7C8aF5B-nO-VZsLHldZrG7Yg9a7VCSPi-H-3cwcZ2-NbGPjABRlBoAVEeKPftGOvD-2kArwbFQr04DqnSELQaHwClwasm8P9UwN2Q:1pMagb:93BJpn3vEeC0DENNC7ci0JnDqo2Mab7F1XSMDBTMpG0", "expire_date": "2023-02-13T20:23:29.440Z"}}, {"model": "sessions.session", "pk": "yiigxdfrwc3ofqy8fnfo966cyy5gv9nq", "fields": {"session_data": ".eJxVjMsOwiAQRf-FtSGAPF267zeQGQakaiAp7cr479qkC93ec859sQjbWuM28hJnYhem2Ol3Q0iP3HZAd2i3zlNv6zIj3xV-0MGnTvl5Pdy_gwqjfmtDOReSQnmPyiYXnJNBCSmMN0USFlsMZJCIQicCpRGD0NaXkMpZJ8feH-gbODI:1pP4tE:0vjtIBvbAmZQNxv46lyYi4esSyVFLK5w6_eeIJSN44A", "expire_date": "2023-02-20T17:02:48.544Z"}}, {"model": "sessions.session", "pk": "yoenw15rynla9qb9qon4txk3adm3p6wh", "fields": {"session_data": ".eJxVjMsOwiAQRf-FtSGAPF267zeQGQakaiAp7cr479qkC93ec859sQjbWuM28hJnYhem2Ol3Q0iP3HZAd2i3zlNv6zIj3xV-0MGnTvl5Pdy_gwqjfmtDOReSQnmPyiYXnJNBCSmMN0USFlsMZJCIQicCpRGD0NaXkMpZJ8feH-gbODI:1pP4zR:9Cv0zzI5M33Lr5-Sj0KeO7Q9vBrO9-qCOVh4hjAB-nE", "expire_date": "2023-02-20T17:09:13.044Z"}}, {"model": "sessions.session", "pk": "zqwh16vj1wsyofvaygxd4ri426iux6zk", "fields": {"session_data": ".eJxVjMsOwiAQRf-FtSGAPF267zeQGQakaiAp7cr479qkC93ec859sQjbWuM28hJnYhem2Ol3Q0iP3HZAd2i3zlNv6zIj3xV-0MGnTvl5Pdy_gwqjfmtDOReSQnmPyiYXnJNBCSmMN0USFlsMZJCIQicCpRGD0NaXkMpZJ8feH-gbODI:1pP4zc:dB6nb4X15soAGAzRPpP3DvJca52-WHxxuvu5Z5UHnqs", "expire_date": "2023-02-20T17:09:24.089Z"}}, {"model": "quizapp.myuser", "pk": 1, "fields": {"password": "pbkdf2_sha256$390000$UBkADBFPRrOLlDRI5n8ZxJ$G5O+yv2LDVZulQ2QrfFyQdFyew7sRNKOCByxrEXeOdw=", "last_login": "2023-02-07T12:12:43.254Z", "is_superuser": true, "username": "Asad", "first_name": "", "last_name": "", "is_staff": true, "is_active": true, "date_joined": "2023-01-20T17:37:03.652Z", "email": "asadsarfraz474@gmail.com", "bio": "Lorem ipsum dolor sit amet, consectetur adipiscing elit, sed do eiusmod tempor incididunt ut labore et dolore magna aliqua. Ut enim ad minim veniam, quis nostrud exercitation ullamco laboris nisi ut aliquip ex ea commodo consequat. Duis aute irure dolor in reprehenderit in voluptate velit esse cillum dolore eu fugiat nulla pariatur. Excepteur sint occaecat cupidatat non proident, sunt in culpa qui officia deserunt mollit anim id est laborum.", "avatar": "captain-america.jpg", "groups": [], "user_permissions": []}}, {"model": "quizapp.myuser", "pk": 2, "fields": {"password": "pbkdf2_sha256$390000$IjzJfogf0moZATMWoGcxh5$qctFoi7yjr4vKAtlaije4p8FKdsgttpsPUUUX83Q9Io=", "last_login": "2023-02-06T19:04:11.800Z", "is_superuser": false, "username": "As", "first_name": "", "last_name": "", "is_staff": false, "is_active": true, "date_joined": "2023-01-30T14:38:57.672Z", "email": "asadsarfaraz474@yahoo.com", "bio": "Lorem ipsum dolor sit amet, consectetur adipiscing elit, sed do eiusmod tempor incididunt ut labore et dolore magna aliqua. Ut enim ad minim veniam, quis nostrud exercitation ullamco laboris nisi ut aliquip ex ea commodo consequat. Duis aute irure dolor in reprehenderit in voluptate velit esse cillum dolore eu fugiat nulla pariatur. Excepteur sint occaecat cupidatat non proident, sunt in culpa qui officia deserunt mollit anim id est laborum.", "avatar": "captain-america.jpg", "groups": [], "user_permissions": []}}, {"model": "quizapp.myuser", "pk": 3, "fields": {"password": "pbkdf2_sha256$390000$V66FSGyj1QyadNHceRMoaM$wqcBs+31/ob3NDjh/Wd8IoaArCaspJD95csmIUCqMaI=", "last_login": "2023-02-06T17:01:03.566Z", "is_superuser": false, "username": "Asd", "first_name": "", "last_name": "", "is_staff": false, "is_active": true, "date_joined": "2023-02-04T15:08:13.548Z", "email": "asadsarfraz2103@gmail.com", "bio": "Lorem ipsum dolor sit amet, consectetur adipiscing elit, sed do eiusmod tempor incididunt ut labore et dolore magna aliqua. Ut enim ad minim veniam, quis nostrud exercitation ullamco laboris nisi ut aliquip ex ea commodo consequat. Duis aute irure dolor in reprehenderit in voluptate velit esse cillum dolore eu fugiat nulla pariatur. Excepteur sint occaecat cupidatat non proident, sunt in culpa qui officia deserunt mollit anim id est laborum.", "avatar": "captain-america.jpg", "groups": [], "user_permissions": []}}, {"model": "quizapp.quiztopic", "pk": 1, "fields": {"topics": "Programming"}}, {"model": "quizapp.quiztopic", "pk": 2, "fields": {"topics": "Science"}}, {"model": "quizapp.quiztopic", "pk": 3, "fields": {"topics": "Mathematics"}}, {"model": "quizapp.subtopic", "pk": 1, "fields": {"topic": 1, "sub_topic": "Python"}}, {"model": "quizapp.subtopic", "pk": 2, "fields": {"topic": 1, "sub_topic": "C++"}}, {"model": "quizapp.subtopic", "pk": 3, "fields": {"topic": 1, "sub_topic": "Javascript"}}, {"model": "quizapp.subtopic", "pk": 4, "fields": {"topic": 1, "sub_topic": "Data Structures and Algorithms"}}, {"model": "quizapp.subtopic", "pk": 5, "fields": {"topic": 2, "sub_topic": "Physics"}}, {"model": "quizapp.subtopic", "pk": 6, "fields": {"topic": 2, "sub_topic": "Chemistry"}}, {"model": "quizapp.subtopic", "pk": 7, "fields": {"topic": 2, "sub_topic": "Biology"}}, {"model": "quizapp.subtopic", "pk": 8, "fields": {"topic": 3, "sub_topic": "Set Theory"}}, {"model": "quizapp.subtopic", "pk": 9, "fields": {"topic": 3, "sub_topic": "Calculus"}}, {"model": "quizapp.quizquestion", "pk": 1, "fields": {"topic_name": 1, "sub_topic_name": 1, "question": "Which type of Programming does Python support?", "option_1": "object-oriented programming", "option_2": "structured programming", "option_3": "functional programming", "option_4": "all of the mentioned", "correct_answer": "all of the mentioned"}}, {"model": "quizapp.quizquestion", "pk": 2, "fields": {"topic_name": 1, "sub_topic_name": 1, "question": "Who developed Python Programming Language?", "option_1": "Wick van Rossum", "option_2": "Rasmus Lerdorf", "option_3": "Guido van Rossum", "option_4": "Niene Stom", "correct_answer": "Guido van Rossum"}}, {"model": "quizapp.quizquestion", "pk": 3, "fields": {"topic_name": 1, "sub_topic_name": 4, "question": "Which one of the following is an application of Stack Data Structure?", "option_1": "Managing function calls", "option_2": "The stock span problem", "option_3": "Arithmetic expression evaluation", "option_4": "All of the above", "correct_answer": "All of the above"}}, {"model": "quizapp.quizquestion", "pk": 4, "fields": {"topic_name": 1, "sub_topic_name": 4, "question": "Which of the following is true about linked list implementation of stack?", "option_1": "In push operation, if new nodes are inserted at the beginning of linked list, then in pop operation,", "option_2": "In push operation, if new nodes are inserted at the end, then in pop operation, nodes must be remove", "option_3": "Both of the above", "option_4": "None of the above", "correct_answer": "None of the above"}}, {"model": "quizapp.quizquestion", "pk": 5, "fields": {"topic_name": 1, "sub_topic_name": 4, "question": "Suppose the numbers 7, 5, 1, 8, 3, 6, 0, 9, 4, 2 are inserted in that order into an initially empty", "option_1": "7 5 1 0 3 2 4 6 8 9", "option_2": "0 2 4 3 1 6 5 9 8 7", "option_3": "0 1 2 3 4 5 6 7 8 9", "option_4": "9 8 6 4 2 3 0 1 5 7", "correct_answer": "0 1 2 3 4 5 6 7 8 9"}}, {"model": "quizapp.quizquestion", "pk": 6, "fields": {"topic_name": 3, "sub_topic_name": 8, "question": "The function f: A → B defined by f(x) = 4x + 7, x ∈ R is", "option_1": "One-One", "option_2": "Many-One", "option_3": "Odd", "option_4": "Even", "correct_answer": "One-One"}}, {"model": "quizapp.quizquestion", "pk": 7, "fields": {"topic_name": 1, "sub_topic_name": 1, "question": "What will be the output of the following code snippet?\r\nprint(type(5 / 2))\r\nprint(type(5 // 2))", "option_1": "float and int", "option_2": "int and float", "option_3": "float and float", "option_4": "int and int", "correct_answer": "float and int"}}, {"model": "quizapp.quizquestion", "pk": 8, "fields": {"topic_name": 1, "sub_topic_name": 1, "question": "What will be the value of the following Python expression?\r\n\r\n4 + 3 % 5", "option_1": "6", "option_2": "7", "option_3": "2", "option_4": "4", "correct_answer": "7"}}, {"model": "quizapp.quizquestion", "pk": 9, "fields": {"topic_name": 1, "sub_topic_name": 1, "question": "What will be the output of the following Python code?\r\n\r\ni = 1\r\nwhile True:\r\n    if i%3 == 0:\r\n        break\r\n    print(i)\r\n \r\n    i + = 1", "option_1": "1 2 3", "option_2": "Error", "option_3": "1 2", "option_4": "None of the above", "correct_answer": "Error"}}, {"model": "quizapp.quizquestion", "pk": 10, "fields": {"topic_name": 1, "sub_topic_name": 1, "question": "Which of the following functions can help us to find the version of python that we are currently working on?", "option_1": "sys.version(1)", "option_2": "sys.version(0)", "option_3": "sys.version()", "option_4": "sys.version", "correct_answer": "sys.version"}}, {"model": "quizapp.quizquestion", "pk": 11, "fields": {"topic_name": 1, "sub_topic_name": 1, "question": "Python supports the creation of anonymous functions at runtime, using a construct called __________", "option_1": "pi", "option_2": "anonymous", "option_3": "lambda", "option_4": "None of the mentioned", "correct_answer": "lambda"}}, {"model": "quizapp.quizquestion", "pk": 12, "fields": {"topic_name": 1, "sub_topic_name": 1, "question": "What are the values of the following Python expressions?\r\n\r\n 2**(3**2)\r\n (2**3)**2\r\n 2**3**2", "option_1": "512, 64, 512", "option_2": "64, 64, 64", "option_3": "64, 512, 64", "option_4": "512, 512, 512", "correct_answer": "512, 64, 512"}}, {"model": "quizapp.quizquestion", "pk": 13, "fields": {"topic_name": 1, "sub_topic_name": 1, "question": "What will be the output of the following Python code?\r\n\r\nl=[1, 0, 2, 0, 'hello', '', []]\r\nlist(filter(bool, l))", "option_1": "[1, 0, 2, ‘hello’, ”, []]", "option_2": "Error", "option_3": "[1, 2, ‘hello’]", "option_4": "[1, 0, 2, 0, ‘hello’, ”, []]", "correct_answer": "[1, 2, ‘hello’]"}}, {"model": "quizapp.quizquestion", "pk": 14, "fields": {"topic_name": 1, "sub_topic_name": 1, "question": "What will be the output of the following Python code?\r\n\r\nclass tester:\r\n    def __init__(self, id):\r\n        self.id = str(id)\r\n        id=\"224\"\r\n \r\ntemp = tester(12)\r\nprint(temp.id)", "option_1": "12", "option_2": "Error", "option_3": "224", "option_4": "None of the mentioned", "correct_answer": "12"}}, {"model": "quizapp.quizquestion", "pk": 15, "fields": {"topic_name": 1, "sub_topic_name": 1, "question": "What will be the value of ‘result’ in following Python program?\r\n\r\nlist1 = [1,2,3,4]\r\nlist2 = [2,4,5,6]\r\nlist3 = [2,6,7,8]\r\nresult = list()\r\nresult.extend(i for i in list1 if i not in (list2+list3) and i not in result)\r\nresult.extend(i for i in list2 if i not in (list1+list3) and i not in result)\r\nresult.extend(i for i in list3 if i not in (list1+list2) and i not in result)", "option_1": "[1, 3, 5, 7, 8]", "option_2": "[1, 7, 8]", "option_3": "[1, 2, 4, 7, 8]", "option_4": "Error", "correct_answer": "[1, 3, 5, 7, 8]"}}, {"model": "quizapp.quizquestion", "pk": 16, "fields": {"topic_name": 1, "sub_topic_name": 1, "question": "What will be the output of the following Python code?\r\n\r\nlist1 = [1, 3]\r\nlist2 = list1\r\nlist1[0] = 4\r\nprint(list2)", "option_1": "[1, 4]", "option_2": "[1, 3, 4]", "option_3": "[4, 3]", "option_4": "[1, 3]", "correct_answer": "[4, 3]"}}, {"model": "quizapp.quizquestion", "pk": 17, "fields": {"topic_name": 1, "sub_topic_name": 1, "question": "What will be the output of the following Python program?\r\n\r\ndef addItem(listParam):\r\n    listParam += [1]\r\n \r\nmylist = [1, 2, 3, 4]\r\naddItem(mylist)\r\nprint(len(mylist))", "option_1": "5", "option_2": "8", "option_3": "3", "option_4": "4", "correct_answer": "5"}}, {"model": "quizapp.quizquestion", "pk": 18, "fields": {"topic_name": 1, "sub_topic_name": 1, "question": "What will be the output of the following Python expression?\r\n\r\nround(4.576)", "option_1": "4", "option_2": "4.6", "option_3": "5", "option_4": "4.5", "correct_answer": "5"}}, {"model": "quizapp.quizquestion", "pk": 19, "fields": {"topic_name": 1, "sub_topic_name": 1, "question": "The process of pickling in Python includes ____________", "option_1": "conversion of a Python object hierarchy into byte stream", "option_2": "conversion of a datatable into a list", "option_3": "conversion of a byte stream into Python object hierarchy", "option_4": "conversion of a list into a datatable", "correct_answer": "conversion of a Python object hierarchy into byte stream"}}, {"model": "quizapp.quizquestion", "pk": 20, "fields": {"topic_name": 3, "sub_topic_name": 8, "question": "A and B are subsets of a universal set having 12 elements. If A has 7 elements, B has 9 elements and A∩B has 9 elements , then what is the number of elements in A∪B ?", "option_1": "10", "option_2": "16", "option_3": "11", "option_4": "22", "correct_answer": "10"}}, {"model": "quizapp.quizquestion", "pk": 21, "fields": {"topic_name": 3, "sub_topic_name": 8, "question": "If A = {1, 2, 3, 4}, then the number of non-empty subsets of A is", "option_1": "16", "option_2": "15", "option_3": "10", "option_4": "32", "correct_answer": "15"}}, {"model": "quizapp.quizquestion", "pk": 22, "fields": {"topic_name": 3, "sub_topic_name": 8, "question": "Of the members of three athletic teams in a school, 21 are in the cricket team, 26 are in the hockey team and 29 are in the football team. Among them, 14 play hockey and cricket, 15 play hockey and football, and 12 play football and cricket. Eight play all the three games. The total number of members in the three athletic teams is", "option_1": "76", "option_2": "43", "option_3": "100", "option_4": "45", "correct_answer": "76"}}, {"model": "quizapp.quizquestion", "pk": 23, "fields": {"topic_name": 3, "sub_topic_name": 8, "question": "If a set A has 3 elements and B has 6 elements, then the minimum number of elements in A∪B is", "option_1": "6", "option_2": "3", "option_3": "10", "option_4": "9", "correct_answer": "6"}}, {"model": "quizapp.quizquestion", "pk": 24, "fields": {"topic_name": 3, "sub_topic_name": 8, "question": "If (1, 3), (2, 5) and (3, 3) are three elements of A x B and the total number of elements in A x B is 6, then the remaining elements of A x B are", "option_1": "(1, 5); (2, 3); (3, 5)", "option_2": "(5, 1); (3, 2); (5, 3)", "option_3": "(1, 5); (2, 3); (5, 3)", "option_4": "None of these", "correct_answer": "(1, 5); (2, 3); (3, 5)"}}, {"model": "quizapp.quizquestion", "pk": 25, "fields": {"topic_name": 3, "sub_topic_name": 8, "question": "A class has 175 students. The following data shows the number of students obtaining one or more subjects. Mathematics 100; Physics 70; Chemistry 40; Mathematics and Physics 30; Mathematics and Chemistry 28; Physics and Chemistry 23; Mathematics, Physics and Chemistry 18. How many students have offered Mathematics alone?", "option_1": "35", "option_2": "48", "option_3": "60", "option_4": "100", "correct_answer": "60"}}, {"model": "quizapp.quizquestion", "pk": 26, "fields": {"topic_name": 3, "sub_topic_name": 8, "question": "The number of proper subsets of the set {1, 2, 3} is", "option_1": "8", "option_2": "7", "option_3": "10", "option_4": "6", "correct_answer": "6"}}, {"model": "quizapp.quizquestion", "pk": 27, "fields": {"topic_name": 3, "sub_topic_name": 8, "question": "In a town of 10000 families it was found that 40% of families buy newspaper A, 20% buy newspaper B and 10% of families buy newspaper C, 5% of families buy A and B, 3% buy B and C and 4% buy A and C. If 2% the families buy all the three newspapers, then number of families which buy A only is", "option_1": "3100", "option_2": "3300", "option_3": "2900", "option_4": "1400", "correct_answer": "3300"}}, {"model": "quizapp.quizquestion", "pk": 28, "fields": {"topic_name": 3, "sub_topic_name": 8, "question": "In a city 20 percent of the population travels by car, 50 percent travels by bus and 10 percent travels by both car and bus. Then persons travelling by car or bus is", "option_1": "80%", "option_2": "40%", "option_3": "60%", "option_4": "70%", "correct_answer": "60%"}}, {"model": "quizapp.quizquestion", "pk": 29, "fields": {"topic_name": 3, "sub_topic_name": 8, "question": "Let S = {0, 1, 5, 4, 7}. Then the total number of subsets of S is", "option_1": "64", "option_2": "32", "option_3": "40", "option_4": "50", "correct_answer": "32"}}, {"model": "quizapp.quizquestion", "pk": 30, "fields": {"topic_name": 3, "sub_topic_name": 8, "question": "20 teachers of a school either teach mathematics or physics. 12 of them teach mathematics while 4 teach both the subjects. Then the number of teachers teaching physics only is", "option_1": "12", "option_2": "8", "option_3": "16", "option_4": "20", "correct_answer": "12"}}, {"model": "quizapp.quizquestion", "pk": 31, "fields": {"topic_name": 3, "sub_topic_name": 8, "question": "If n(A) = 4, n(B) = 3, n(A x B x C) = 24, then n(C) =", "option_1": "288", "option_2": "1", "option_3": "12", "option_4": "2", "correct_answer": "2"}}, {"model": "quizapp.quizquestion", "pk": 32, "fields": {"topic_name": 3, "sub_topic_name": 8, "question": "In a class of 30 pupils, 12 take needle work, 16 take physics and 18 take history. If all the 30 students take at least one subject and no one takes all three, then the number of pupils taking 2 subjects is", "option_1": "16", "option_2": "6", "option_3": "8", "option_4": "20", "correct_answer": "16"}}, {"model": "quizapp.quizquestion", "pk": 33, "fields": {"topic_name": 3, "sub_topic_name": 9, "question": "If x > 0, then which one is correct?", "option_1": "x > log(x + 1)", "option_2": "x < log(x + 1)", "option_3": "x = log(x + 1)", "option_4": "None of the above", "correct_answer": "x > log(x + 1)"}}, {"model": "quizapp.quizquestion", "pk": 35, "fields": {"topic_name": 3, "sub_topic_name": 9, "question": "What will be the range of the function f(x) = 2x^3 – 9x^2 – 24x + 5 which increases with x?", "option_1": "x > 4", "option_2": "x > 4 or x < -1", "option_3": "x < -1", "option_4": "Can't be determined", "correct_answer": "x > 4 or x < -1"}}, {"model": "quizapp.quizquestion", "pk": 36, "fields": {"topic_name": 3, "sub_topic_name": 9, "question": "What will be the range of the function f(x) = 2x^3 – 9x^2 – 24x + 5 which decreases with x?", "option_1": "-1 < x < 4", "option_2": "1 < x < 4", "option_3": "-1 ≤ x < 4", "option_4": "-1 < x ≤ 4", "correct_answer": "-1 < x < 4"}}, {"model": "quizapp.quizquestion", "pk": 37, "fields": {"topic_name": 3, "sub_topic_name": 9, "question": "What will be nature of the f(x) = 10 – 9x + 6x^2 – x^3 for x < 1?", "option_1": "Decreases", "option_2": "Increases", "option_3": "Cannot be determined for x < 1", "option_4": "A constant function", "correct_answer": "Decreases"}}, {"model": "quizapp.quizquestion", "pk": 38, "fields": {"topic_name": 3, "sub_topic_name": 9, "question": "What will be the nature of the equation (sinθ)/θ for 0 < θ < π/2 if θ increases continuously?", "option_1": "Decreases", "option_2": "Increases", "option_3": "Cannot be determined for 0 < θ < π/2", "option_4": "A constant function", "correct_answer": "Decreases"}}, {"model": "quizapp.quizquestion", "pk": 39, "fields": {"topic_name": 3, "sub_topic_name": 9, "question": "If y = 3x((x + a)/(x + b)) + 5 where, a and b are constants and a > b, be the total cost for x unit of output of a commodity. What will be the nature of marginal cost as the output increases continuously?", "option_1": "Does not change", "option_2": "Increases continuously", "option_3": "Falls continuously", "option_4": "Changes as the interval of y changes", "correct_answer": "Falls continuously"}}, {"model": "quizapp.quizquestion", "pk": 40, "fields": {"topic_name": 2, "sub_topic_name": 5, "question": "The theory of relativity is presented by which scientist", "option_1": "Albert Einstein", "option_2": "Issac Newton", "option_3": "Stephen Hawking", "option_4": "Marie Curie", "correct_answer": "Albert Einstein"}}, {"model": "quizapp.quizquestion", "pk": 41, "fields": {"topic_name": 2, "sub_topic_name": 5, "question": "When the temperature difference between liquid and its surroundings is doubled, the rate of loss of heat will -", "option_1": "Double", "option_2": "Remain same", "option_3": "Three times", "option_4": "Four times", "correct_answer": "Double"}}, {"model": "quizapp.quizquestion", "pk": 42, "fields": {"topic_name": 1, "sub_topic_name": 5, "question": "The weight of a body at the centre of earth is -", "option_1": "half the weight at the surface", "option_2": "Infinite", "option_3": "zero", "option_4": "twice the weight at the surface", "correct_answer": "zero"}}, {"model": "quizapp.quizquestion", "pk": 43, "fields": {"topic_name": 2, "sub_topic_name": 5, "question": "The distance covered by an object depends upon -", "option_1": "Initial velocity", "option_2": "Final velocity", "option_3": "Acceleration velocity", "option_4": "Constant velocity", "correct_answer": "Initial velocity"}}, {"model": "quizapp.quizquestion", "pk": 44, "fields": {"topic_name": 2, "sub_topic_name": 5, "question": "Food is cooked in a pressure cooker quickly because -", "option_1": "Boiling point of water decreases", "option_2": "Boiling point of water increases", "option_3": "It absorbs heat quickly", "option_4": "It retains heat for a longer duration", "correct_answer": "Boiling point of water increases"}}, {"model": "quizapp.quizquestion", "pk": 45, "fields": {"topic_name": 2, "sub_topic_name": 5, "question": "A transformer is used to -", "option_1": "Increase DC voltage", "option_2": "Increase or decrease AC voltage", "option_3": "Decrease DC voltage", "option_4": "Convert DC into AC", "correct_answer": "Increase or decrease AC voltage"}}, {"model": "quizapp.quizquestion", "pk": 46, "fields": {"topic_name": 2, "sub_topic_name": 5, "question": "Convex lenses are used for the correction of -", "option_1": "Long-sightedness", "option_2": "Short-sightedness", "option_3": "Cataract", "option_4": "None of these", "correct_answer": "Long-sightedness"}}, {"model": "quizapp.quizquestion", "pk": 47, "fields": {"topic_name": 2, "sub_topic_name": 5, "question": "When the velocity of a body is doubled -", "option_1": "Its K.E. is doubled", "option_2": "Its acceleration is doubled", "option_3": "Its P.E. is doubled", "option_4": "Its momentum is doubled", "correct_answer": "Its momentum is doubled"}}, {"model": "quizapp.quizquestion", "pk": 48, "fields": {"topic_name": 2, "sub_topic_name": 6, "question": "Adding Cl2 to benzene in the presence of AlCl3 is an example of -", "option_1": "Addition reaction", "option_2": "Substitution reaction", "option_3": "None of the options", "option_4": "Elimination reaction", "correct_answer": "Addition reaction"}}, {"model": "quizapp.quizquestion", "pk": 49, "fields": {"topic_name": 2, "sub_topic_name": 6, "question": "Copper substances when exposed to air gain a green coating due to the formation of -", "option_1": "Cu(NO3)2", "option_2": "CuSO4", "option_3": "CuO", "option_4": "CuCO3 Cu(OH)2", "correct_answer": "CuCO3 Cu(OH)2"}}, {"model": "quizapp.quizquestion", "pk": 50, "fields": {"topic_name": 2, "sub_topic_name": 6, "question": "The chemical name of Gammaxane is -", "option_1": "Chloro benzene", "option_2": "Benzene hexachloride", "option_3": "Toluene", "option_4": "Aniline", "correct_answer": "Benzene hexachloride"}}, {"model": "quizapp.quizquestion", "pk": 51, "fields": {"topic_name": 2, "sub_topic_name": 6, "question": "The chemical name of quick lime is -", "option_1": "Calcium chloride", "option_2": "Calcium oxide", "option_3": "Calcium carbonate", "option_4": "Calcium hydroxide", "correct_answer": "Calcium oxide"}}, {"model": "quizapp.quizquestion", "pk": 52, "fields": {"topic_name": 2, "sub_topic_name": 6, "question": "The antacid marketed as milk of magnesia has as the main ingredient -", "option_1": "MgSO4", "option_2": "MgCI2", "option_3": "Mg(OH)2", "option_4": "MgCO3", "correct_answer": "MgCO3"}}, {"model": "quizapp.quizquestion", "pk": 53, "fields": {"topic_name": 2, "sub_topic_name": 6, "question": "Which one of the following is the main reason for acid rain?", "option_1": "Dissolution of sulphur and nitrogen oxides in rain", "option_2": "Dissolution of minerals in rain", "option_3": "Dissolution of dust particles in the rain", "option_4": "Dissolution of soil solution in rain", "correct_answer": "Dissolution of sulphur and nitrogen oxides in rain"}}, {"model": "quizapp.quizquestion", "pk": 54, "fields": {"topic_name": 2, "sub_topic_name": 6, "question": "Which one of the following statements about biogas is not correct?", "option_1": "It is mainly composed of methane gas", "option_2": "It is a non-renewable source of energy", "option_3": "It is formed by the decomposition of cow dung in the absence of oxygen", "option_4": "It burns without smoke and leaves no residue", "correct_answer": "It is a non-renewable source of energy"}}, {"model": "quizapp.quizquestion", "pk": 55, "fields": {"topic_name": 2, "sub_topic_name": 6, "question": "Which one of the following statements is true when non-metals are dissolved in water?", "option_1": "They produce basic oxides", "option_2": "They produce acidic oxides", "option_3": "They produce neutral oxides", "option_4": "They provide hydroxides", "correct_answer": "They produce acidic oxides"}}, {"model": "quizapp.quizquestion", "pk": 56, "fields": {"topic_name": 2, "sub_topic_name": 7, "question": "Which of the following human genetic disorders is sex-linked -", "option_1": "Cystic fibrosis", "option_2": "PKU", "option_3": "Haemophilia", "option_4": "Albinism", "correct_answer": "Haemophilia"}}, {"model": "quizapp.quizquestion", "pk": 57, "fields": {"topic_name": 2, "sub_topic_name": 7, "question": "The 'stretch of a ligament' is called -", "option_1": "Sprain", "option_2": "Strain", "option_3": "Abrasion", "option_4": "Contusion", "correct_answer": "Sprain"}}, {"model": "quizapp.quizquestion", "pk": 58, "fields": {"topic_name": 2, "sub_topic_name": 7, "question": "'Peristalsis' occurs in -", "option_1": "Trachea", "option_2": "Stomach", "option_3": "Liver", "option_4": "Oesophagus", "correct_answer": "Oesophagus"}}, {"model": "quizapp.quizquestion", "pk": 59, "fields": {"topic_name": 2, "sub_topic_name": 7, "question": "Bones in Human Body are classified on the basis of -", "option_1": "Structure and Functions", "option_2": "Location and Attachment", "option_3": "Size and Shape", "option_4": "Joint and Movement", "correct_answer": "Size and Shape"}}, {"model": "quizapp.quizquestion", "pk": 60, "fields": {"topic_name": 2, "sub_topic_name": 7, "question": "Anabolic steroids affect directly on -", "option_1": "Heart", "option_2": "Muscles", "option_3": "Lungs", "option_4": "Brain", "correct_answer": "Muscles"}}, {"model": "quizapp.quizquestion", "pk": 61, "fields": {"topic_name": 2, "sub_topic_name": 7, "question": "The covering of the Lungs is called -", "option_1": "Pericardium", "option_2": "Perichondrium", "option_3": "Pleura", "option_4": "Peritoneum", "correct_answer": "Pleura"}}, {"model": "quizapp.quizquestion", "pk": 62, "fields": {"topic_name": 2, "sub_topic_name": 7, "question": "The 'Dendrites' are part of -", "option_1": "Neuron", "option_2": "Cell body", "option_3": "Axon", "option_4": "Vertebra", "correct_answer": "Neuron"}}, {"model": "quizapp.quizquestion", "pk": 63, "fields": {"topic_name": 2, "sub_topic_name": 7, "question": "The largest gland in the body is -", "option_1": "Liver", "option_2": "Pancreas", "option_3": "Gastric Gland", "option_4": "Adrenal Gland", "correct_answer": "Liver"}}, {"model": "quizapp.quizquestion", "pk": 64, "fields": {"topic_name": 1, "sub_topic_name": 2, "question": "Who invented C++?", "option_1": "Dennis Ritchie", "option_2": "Ken Thompson", "option_3": "Brian Kernighan", "option_4": "Bjarne Stroustrup", "correct_answer": "Bjarne Stroustrup"}}, {"model": "quizapp.quizquestion", "pk": 65, "fields": {"topic_name": 1, "sub_topic_name": 2, "question": "Which of the following is the correct syntax of including a user defined header files in C++?", "option_1": "#include [userdefined]", "option_2": "#include “userdefined”", "option_3": "#include <userdefined.h>", "option_4": "#include <userdefined>", "correct_answer": "#include “userdefined”"}}, {"model": "quizapp.quizquestion", "pk": 66, "fields": {"topic_name": 1, "sub_topic_name": 2, "question": "Which of the following is used for comments in C++?", "option_1": "/* comment */", "option_2": "// comment */", "option_3": "// comment", "option_4": "both // comment or /* comment */", "correct_answer": "both // comment or /* comment */"}}, {"model": "quizapp.quizquestion", "pk": 67, "fields": {"topic_name": 1, "sub_topic_name": 2, "question": "Which of the following is a correct identifier in C++?", "option_1": "VAR_1234", "option_2": "$var_name", "option_3": "7VARNAME", "option_4": "7var_name", "correct_answer": "VAR_1234"}}, {"model": "quizapp.quizquestion", "pk": 68, "fields": {"topic_name": 1, "sub_topic_name": 2, "question": "Which of the following is not a type of Constructor in C++?", "option_1": "Default constructor", "option_2": "Parameterized constructor", "option_3": "Copy constructor", "option_4": "Friend constructor", "correct_answer": "Friend constructor"}}, {"model": "quizapp.quizquestion", "pk": 69, "fields": {"topic_name": 1, "sub_topic_name": 2, "question": "Which of the following approach is used by C++?", "option_1": "Left-right", "option_2": "Right-left", "option_3": "Bottom-up", "option_4": "Top-down", "correct_answer": "Bottom-up"}}, {"model": "quizapp.quizquestion", "pk": 70, "fields": {"topic_name": 1, "sub_topic_name": 2, "question": "What is virtual inheritance in C++?", "option_1": "C++ technique to enhance multiple inheritance", "option_2": "C++ technique to ensure that a private member of the base class can be accessed somehow", "option_3": "C++ technique to avoid multiple inheritances of classes", "option_4": "C++ technique to avoid multiple copies of the base class into children/derived class", "correct_answer": "C++ technique to avoid multiple copies of the base class into children/derived class"}}, {"model": "quizapp.quizquestion", "pk": 71, "fields": {"topic_name": 1, "sub_topic_name": 2, "question": "What happens if the following C++ statement is compiled and executed?\r\n\r\nint *ptr = NULL;\r\ndelete ptr;", "option_1": "The program is not semantically correct", "option_2": "The program is compiled and executed successfully", "option_3": "The program gives a compile-time error", "option_4": "The program compiled successfully but throws an error during run-time", "correct_answer": "The program is compiled and executed successfully"}}, {"model": "quizapp.quizquestion", "pk": 72, "fields": {"topic_name": 1, "sub_topic_name": 2, "question": "What will be the output of the following C++ code?\r\n\r\n#include <iostream> \r\n#include <string>\r\nusing namespace std; \r\nint main(int argc, char const *argv[])\r\n{\r\n\tchar s1[6] = \"Hello\";\r\n\tchar s2[6] = \"World\";\r\n\tchar s3[12] = s1 + \" \" + s2;\r\n\tcout<<s3;\r\n\treturn 0;\r\n}", "option_1": "Hello", "option_2": "World", "option_3": "Error", "option_4": "Hello World", "correct_answer": "Error"}}, {"model": "quizapp.quizquestion", "pk": 73, "fields": {"topic_name": 1, "sub_topic_name": 3, "question": "Javascript is an _______ language?", "option_1": "Object-oriented", "option_2": "Object-based", "option_3": "Procedural", "option_4": "None of the above", "correct_answer": "Object-oriented"}}, {"model": "quizapp.quizquestion", "pk": 74, "fields": {"topic_name": 1, "sub_topic_name": 3, "question": "Which of the following keywords is used to define a variable in Javascript?", "option_1": "var", "option_2": "let", "option_3": "Both of the above", "option_4": "None of these", "correct_answer": "Both of the above"}}, {"model": "quizapp.quizquestion", "pk": 75, "fields": {"topic_name": 1, "sub_topic_name": 3, "question": "Which of the following methods is used to access HTML elements using Javascript?", "option_1": "getElementbyId()", "option_2": "getElementsbyClassName()", "option_3": "Both of the above", "option_4": "None of these", "correct_answer": "Both of the above"}}, {"model": "quizapp.quizquestion", "pk": 76, "fields": {"topic_name": 1, "sub_topic_name": 3, "question": "Upon encountering empty statements, what does the Javascript Interpreter do?", "option_1": "Throws an error", "option_2": "Ignores the statements", "option_3": "Gives a warning", "option_4": "None of these", "correct_answer": "Ignores the statements"}}, {"model": "quizapp.quizquestion", "pk": 77, "fields": {"topic_name": 1, "sub_topic_name": 3, "question": "Which of the following methods can be used to display data in some form using Javascript?", "option_1": "document.write()", "option_2": "console.log()", "option_3": "window.alert()", "option_4": "All of the above", "correct_answer": "All of the above"}}, {"model": "quizapp.quizquestion", "pk": 78, "fields": {"topic_name": 1, "sub_topic_name": 3, "question": "How can a datatype be declared to be a constant type?", "option_1": "const", "option_2": "var", "option_3": "let", "option_4": "constant", "correct_answer": "const"}}, {"model": "quizapp.quizquestion", "pk": 79, "fields": {"topic_name": 1, "sub_topic_name": 3, "question": "What will be the output of the following code snippet?\r\n\r\n<script type=\"text/javascript\">\r\na = 5 + \"9\";\r\ndocument.write(a);\r\n</script>", "option_1": "Compilation Error", "option_2": "Runtime Error", "option_3": "14", "option_4": "59", "correct_answer": "59"}}, {"model": "quizapp.quizquestion", "pk": 80, "fields": {"topic_name": 1, "sub_topic_name": 3, "question": "What will be the output of the following code snippet?\r\n\r\n<script type=\"text/javascript\" language=\"javascript\">\r\n  \r\nvar a = \"Scaler\";\r\nvar result = a.substring(2, 4);\r\ndocument.write(result);\r\n  \r\n</script>", "option_1": "al", "option_2": "ale", "option_3": "cal", "option_4": "caler", "correct_answer": "al"}}, {"model": "quizapp.quizquestion", "pk": 81, "fields": {"topic_name": 1, "sub_topic_name": 3, "question": "What will be the output of the following code snippet?\r\n\r\n<script type=\"text/javascript\" language=\"javascript\">\r\n \r\nvar x=12;\r\nvar y=8;\r\nvar res=eval(\"x+y\");\r\ndocument.write(res);\r\n \r\n</script>", "option_1": "20", "option_2": "x+y", "option_3": "128", "option_4": "None of the above", "correct_answer": "20"}}, {"model": "quizapp.quizquestion", "pk": 82, "fields": {"topic_name": 1, "sub_topic_name": 3, "question": "When the switch statement matches the expression with the given labels, how is the comparison done?", "option_1": "Both the datatype and the result of expression are compared.", "option_2": "Only the datatype of the expression is compared.", "option_3": "Only the value of the expression is compared.", "option_4": "None of the above", "correct_answer": "Both the datatype and the result of expression are compared."}}, {"model": "quizapp.quizquestion", "pk": 83, "fields": {"topic_name": 1, "sub_topic_name": 3, "question": "What keyword is used to check whether a given property is valid or not?", "option_1": "in", "option_2": "is in", "option_3": "exists", "option_4": "lies", "correct_answer": "in"}}, {"model": "quizapp.quizquestion", "pk": 85, "fields": {"topic_name": 1, "sub_topic_name": 3, "question": "What will be the output of the following code snippet?\r\n\r\nconst obj1 = {first: 20, second: 30, first: 50};\r\nconsole.log(obj1);", "option_1": "{first: 20, second: 30}", "option_2": "{first: 50, second: 30}", "option_3": "{first: 20, second: 30, first: 50}", "option_4": "None of the above", "correct_answer": "{first: 50, second: 30}"}}, {"model": "quizapp.quizquestion", "pk": 86, "fields": {"topic_name": 1, "sub_topic_name": 3, "question": "What will be the output of the following code snippet?\r\n\r\nfunction test(...args) {\r\n console.log(typeof args);\r\n}\r\ntest(12);", "option_1": "NaN", "option_2": "Number", "option_3": "Object", "option_4": "Array", "correct_answer": "Object"}}, {"model": "quizapp.quizquestion", "pk": 87, "fields": {"topic_name": 1, "sub_topic_name": 4, "question": "In order traversal of binary search tree will produce −", "option_1": "unsorted list", "option_2": "sorted list", "option_3": "reverse of input", "option_4": "None of the above", "correct_answer": "sorted list"}}, {"model": "quizapp.quizquestion", "pk": 88, "fields": {"topic_name": 1, "sub_topic_name": 4, "question": "A circular linked list can be used for", "option_1": "Stack", "option_2": "Queue", "option_3": "Both Stack and Queue", "option_4": "Neither Stack nor Queue", "correct_answer": "Both Stack and Queue"}}, {"model": "quizapp.quizquestion", "pk": 89, "fields": {"topic_name": 1, "sub_topic_name": 4, "question": "Find the odd out", "option_1": "Prim's Minimal Spanning Tree Algorithm", "option_2": "Kruskal's Minimal Spanning Tree Algorithm", "option_3": "Floyd-Warshall's All pair shortest path Algorithm", "option_4": "Dijkistra's Minimal Spanning Tree Algorithm", "correct_answer": "Floyd-Warshall's All pair shortest path Algorithm"}}, {"model": "quizapp.quizquestion", "pk": 90, "fields": {"topic_name": 1, "sub_topic_name": 4, "question": "What is not true about insertion sort?", "option_1": "Exhibits the worst case performance when the initial array is sorted in reverse order.", "option_2": "Worst case and average case performance is Ο(n^2)", "option_3": "Can be compared to the way a card player arranges his card from a card deck.", "option_4": "None of the above", "correct_answer": "None of the above"}}, {"model": "quizapp.quizquestion", "pk": 91, "fields": {"topic_name": 1, "sub_topic_name": 4, "question": "Heap is an example of", "option_1": "complete binary tree", "option_2": "spanning tree", "option_3": "sparse tree", "option_4": "binary search tree", "correct_answer": "complete binary tree"}}, {"model": "quizapp.quizquestion", "pk": 92, "fields": {"topic_name": 1, "sub_topic_name": 4, "question": "Project scheduling is an example of", "option_1": "Greedy Programming", "option_2": "Dynamic Programming", "option_3": "Divide and Conquer", "option_4": "None of the above", "correct_answer": "Dynamic Programming"}}, {"model": "quizapp.score", "pk": 99, "fields": {"user": 1, "sub_topic": 4, "date": "2023-02-04T08:16:22.461Z", "no_of_correctanswers": 2, "no_of_questions": 3, "score": 66.67}}, {"model": "quizapp.score", "pk": 100, "fields": {"user": 1, "sub_topic": 8, "date": "2023-02-04T08:16:34.836Z", "no_of_correctanswers": 0, "no_of_questions": 1, "score": 0.0}}, {"model": "quizapp.score", "pk": 101, "fields": {"user": 1, "sub_topic": 8, "date": "2023-02-04T08:16:48.755Z", "no_of_correctanswers": 1, "no_of_questions": 1, "score": 100.0}}, {"model": "quizapp.score", "pk": 102, "fields": {"user": 1, "sub_topic": 4, "date": "2023-02-04T10:43:43.909Z", "no_of_correctanswers": 3, "no_of_questions": 3, "score": 100.0}}, {"model": "quizapp.score", "pk": 103, "fields": {"user": 1, "sub_topic": 1, "date": "2023-02-04T10:46:20.882Z", "no_of_correctanswers": 13, "no_of_questions": 15, "score": 86.67}}, {"model": "quizapp.score", "pk": 104, "fields": {"user": 1, "sub_topic": 8, "date": "2023-02-04T11:11:31.958Z", "no_of_correctanswers": 1, "no_of_questions": 1, "score": 100.0}}, {"model": "quizapp.score", "pk": 105, "fields": {"user": 1, "sub_topic": 8, "date": "2023-02-04T11:11:39.907Z", "no_of_correctanswers": 0, "no_of_questions": 1, "score": 0.0}}, {"model": "quizapp.score", "pk": 106, "fields": {"user": 1, "sub_topic": 8, "date": "2023-02-04T11:13:54.135Z", "no_of_correctanswers": 1, "no_of_questions": 1, "score": 100.0}}, {"model": "quizapp.score", "pk": 107, "fields": {"user": 2, "sub_topic": 4, "date": "2023-02-04T12:33:03.292Z", "no_of_correctanswers": 2, "no_of_questions": 3, "score": 66.67}}, {"model": "quizapp.score", "pk": 108, "fields": {"user": 2, "sub_topic": 4, "date": "2023-02-04T12:33:15.512Z", "no_of_correctanswers": 3, "no_of_questions": 3, "score": 100.0}}, {"model": "quizapp.score", "pk": 109, "fields": {"user": 2, "sub_topic": 8, "date": "2023-02-04T12:33:28.708Z", "no_of_correctanswers": 1, "no_of_questions": 1, "score": 100.0}}, {"model": "quizapp.score", "pk": 110, "fields": {"user": 3, "sub_topic": 4, "date": "2023-02-04T15:10:24.641Z", "no_of_correctanswers": 0, "no_of_questions": 3, "score": 0.0}}, {"model": "quizapp.score", "pk": 111, "fields": {"user": 3, "sub_topic": 4, "date": "2023-02-04T15:10:37.090Z", "no_of_correctanswers": 3, "no_of_questions": 3, "score": 100.0}}, {"model": "quizapp.score", "pk": 112, "fields": {"user": 3, "sub_topic": 8, "date": "2023-02-04T15:10:48.649Z", "no_of_correctanswers": 0, "no_of_questions": 1, "score": 0.0}}, {"model": "quizapp.score", "pk": 113, "fields": {"user": 3, "sub_topic": 8, "date": "2023-02-04T15:10:57.008Z", "no_of_correctanswers": 1, "no_of_questions": 1, "score": 100.0}}, {"model": "quizapp.score", "pk": 114, "fields": {"user": 1, "sub_topic": 8, "date": "2023-02-04T20:09:39.775Z", "no_of_correctanswers": 8, "no_of_questions": 14, "score": 57.14}}, {"model": "quizapp.score", "pk": 115, "fields": {"user": 1, "sub_topic": 9, "date": "2023-02-04T20:24:14.825Z", "no_of_correctanswers": 5, "no_of_questions": 6, "score": 83.33}}, {"model": "quizapp.score", "pk": 116, "fields": {"user": 2, "sub_topic": 4, "date": "2023-02-06T17:04:07.485Z", "no_of_correctanswers": 2, "no_of_questions": 3, "score": 66.67}}, {"model": "quizapp.score", "pk": 117, "fields": {"user": 1, "sub_topic": 4, "date": "2023-02-06T17:08:39.287Z", "no_of_correctanswers": 2, "no_of_questions": 3, "score": 66.67}}, {"model": "quizapp.score", "pk": 118, "fields": {"user": 1, "sub_topic": 5, "date": "2023-02-06T17:54:37.421Z", "no_of_correctanswers": 6, "no_of_questions": 8, "score": 75.0}}, {"model": "quizapp.score", "pk": 119, "fields": {"user": 1, "sub_topic": 6, "date": "2023-02-06T18:06:00.958Z", "no_of_correctanswers": 6, "no_of_questions": 8, "score": 75.0}}, {"model": "quizapp.score", "pk": 120, "fields": {"user": 1, "sub_topic": 2, "date": "2023-02-06T18:36:58.005Z", "no_of_correctanswers": 8, "no_of_questions": 9, "score": 88.89}}, {"model": "quizapp.score", "pk": 121, "fields": {"user": 1, "sub_topic": 3, "date": "2023-02-06T19:02:24.837Z", "no_of_correctanswers": 14, "no_of_questions": 14, "score": 100.0}}, {"model": "quizapp.score", "pk": 122, "fields": {"user": 2, "sub_topic": 4, "date": "2023-02-06T19:04:54.229Z", "no_of_correctanswers": 3, "no_of_questions": 3, "score": 100.0}}, {"model": "quizapp.score", "pk": 123, "fields": {"user": 1, "sub_topic": 4, "date": "2023-02-06T19:43:30.199Z", "no_of_correctanswers": 9, "no_of_questions": 9, "score": 100.0}}, {"model": "quizapp.score", "pk": 124, "fields": {"user": 1, "sub_topic": 2, "date": "2023-02-06T19:46:26.815Z", "no_of_correctanswers": 7, "no_of_questions": 9, "score": 77.78}}, {"model": "quizapp.score", "pk": 125, "fields": {"user": 1, "sub_topic": 9, "date": "2023-02-06T19:48:54.899Z", "no_of_correctanswers": 2, "no_of_questions": 6, "score": 33.33}}, {"model": "quizapp.score", "pk": 126, "fields": {"user": 1, "sub_topic": 4, "date": "2023-02-06T19:51:12.906Z", "no_of_correctanswers": 0, "no_of_questions": 9, "score": 0.0}}, {"model": "quizapp.score", "pk": 127, "fields": {"user": 1, "sub_topic": 5, "date": "2023-02-06T19:52:17.609Z", "no_of_correctanswers": 0, "no_of_questions": 8, "score": 0.0}}, {"model": "quizapp.score", "pk": 128, "fields": {"user": 1, "sub_topic": 6, "date": "2023-02-06T19:54:02.516Z", "no_of_correctanswers": 0, "no_of_questions": 8, "score": 0.0}}, {"model": "quizapp.score", "pk": 129, "fields": {"user": 1, "sub_topic": 1, "date": "2023-02-06T19:54:39.103Z", "no_of_correctanswers": 0, "no_of_questions": 15, "score": 0.0}}]